{
  "accuracy": 0.75,
  "checkpoint_path": "/data/scratch/murphy/outputs/cot-loop-detection/full_train_locked_pair_20260404_binary_h256d2/aime/majority_s_0.5/ensemble/seed_0/_eval_ckpts/epoch_004.pt",
  "classifier_layer": -1,
  "classifier_mode": "ensemble",
  "epoch": 4,
  "eval_accuracy": 0.75,
  "eval_macro_f1": 0.7482517482517483,
  "eval_positive_f1": 0.7272727272727273,
  "eval_positive_precision": 1.0,
  "eval_positive_recall": 0.5714285714285714,
  "eval_pr_auc": 0.9038342609771179,
  "eval_prevalence": 0.5833333333333334,
  "eval_roc_auc": 0.8857142857142858,
  "feature_key": "last_token_all_layers_stack_final",
  "lr": 9.541824102612839e-05,
  "macro_f1": 0.7482517482517483,
  "positive_f1": 0.7272727272727273,
  "positive_precision": 1.0,
  "positive_recall": 0.5714285714285714,
  "pr_auc": 0.9038342609771179,
  "prevalence": 0.5833333333333334,
  "resolved_classifier_layer": null,
  "roc_auc": 0.8857142857142858,
  "sample_shape": [
    28,
    2048
  ],
  "score_rule": "vote_fraction",
  "seed": 0,
  "selection_kind": "best_loss",
  "selection_metric": "roc_auc",
  "selection_rule": "max(roc_auc), tie_break=max(macro_f1)",
  "step": 4,
  "target_kind": "binary",
  "target_name": "majority_s_0.5",
  "tie_breaker": "macro_f1",
  "train_accuracy": 0.6875,
  "train_loss": 0.8003820776939392,
  "train_macro_f1": 0.6873643074250977,
  "train_positive_f1": 0.6938775510204082,
  "train_positive_precision": 0.68,
  "train_positive_recall": 0.7083333333333334,
  "train_pr_auc": 0.7530818663595618,
  "train_prevalence": 0.5,
  "train_roc_auc": 0.7473958333333334,
  "vote_rule": "majority"
}
