{
  "accuracy": 0.8333333333333334,
  "checkpoint_path": "/data/scratch/murphy/outputs/cot-loop-detection/full_train_locked_pair_20260404_binary_h256d2/aime/majority_s_0.5/ensemble/seed_0/_eval_ckpts/epoch_013.pt",
  "classifier_layer": -1,
  "classifier_mode": "ensemble",
  "epoch": 13,
  "eval_accuracy": 0.8333333333333334,
  "eval_macro_f1": 0.8333333333333334,
  "eval_positive_f1": 0.8333333333333334,
  "eval_positive_precision": 1.0,
  "eval_positive_recall": 0.7142857142857143,
  "eval_pr_auc": 0.9214285714285715,
  "eval_prevalence": 0.5833333333333334,
  "eval_roc_auc": 0.8714285714285714,
  "feature_key": "last_token_all_layers_stack_final",
  "lr": 2.458175897387161e-05,
  "macro_f1": 0.8333333333333334,
  "positive_f1": 0.8333333333333334,
  "positive_precision": 1.0,
  "positive_recall": 0.7142857142857143,
  "pr_auc": 0.9214285714285715,
  "prevalence": 0.5833333333333334,
  "resolved_classifier_layer": null,
  "roc_auc": 0.8714285714285714,
  "sample_shape": [
    28,
    2048
  ],
  "score_rule": "vote_fraction",
  "seed": 0,
  "selection_kind": "best_rank",
  "selection_metric": "pr_auc",
  "selection_rule": "max(pr_auc), tie_break=max(roc_auc), max(macro_f1)",
  "selection_tertiary_metric": "macro_f1",
  "step": 13,
  "target_kind": "binary",
  "target_name": "majority_s_0.5",
  "tie_breaker": "roc_auc",
  "train_accuracy": 0.8125,
  "train_loss": 0.6990737318992615,
  "train_macro_f1": 0.8104431768319438,
  "train_positive_f1": 0.7906976744186046,
  "train_positive_precision": 0.8947368421052632,
  "train_positive_recall": 0.7083333333333334,
  "train_pr_auc": 0.9052781607672747,
  "train_prevalence": 0.5,
  "train_roc_auc": 0.9045138888888888,
  "vote_rule": "majority"
}
