{
  "generated_utc": "2026-04-04 06:08 UTC",
  "source_root": "/data/scratch/murphy/outputs/cot-loop-detection/full_train_locked_pair_20260404",
  "retrain_root": "/data/scratch/murphy/outputs/cot-loop-detection/full_train_locked_pair_20260404_binary_h256d2",
  "jobs": {
    "pilot_livecodebench_only": 2106,
    "all_dataset_retrain": 2107
  },
  "binary_target": "majority_s_0.5",
  "train_balance": "downsample to 50/50",
  "test_balance": "natural",
  "probe_configs": {
    "default_h128d1": {
      "hidden_dim": 128,
      "depth": 1,
      "dropout": 0.1,
      "epochs": 15,
      "lr": 0.0001,
      "weight_decay": 0.05
    },
    "retrain_h256d2": {
      "hidden_dim": 256,
      "depth": 2,
      "dropout": 0.1,
      "epochs": 15,
      "lr": 0.0001,
      "weight_decay": 0.05
    }
  },
  "datasets": {
    "gpqa": {
      "test_prevalence": 0.05000000000000001,
      "prompt_length_baseline": {
        "accuracy": 0.35,
        "macro_f1": 0.2857142857142857,
        "positive_precision": 0.038461538461538464,
        "positive_recall": 0.5,
        "positive_f1": 0.07142857142857144,
        "roc_auc": 0.4473684210526316,
        "pr_auc": 0.06573275862068965
      },
      "views": {
        "ensemble": {
          "default_h128d1": {
            "accuracy": 0.4916666666666667,
            "macro_f1": 0.38190748521630874,
            "positive_precision": 0.10960735171261486,
            "positive_recall": 1.0,
            "positive_f1": 0.19509803921568628,
            "roc_auc": 0.9583333333333334,
            "pr_auc": 0.41984126984126985
          },
          "retrain_h256d2": {
            "accuracy": 0.725,
            "macro_f1": 0.5487179487179488,
            "positive_precision": 0.15384615384615385,
            "positive_recall": 1.0,
            "positive_f1": 0.26666666666666666,
            "roc_auc": 0.9583333333333334,
            "pr_auc": 0.5025252525252525
          },
          "retrain_h256d2_std": {
            "accuracy": 0.0,
            "macro_f1": 0.0,
            "positive_precision": 0.0,
            "positive_recall": 0.0,
            "positive_f1": 0.0,
            "roc_auc": 0.01655665446331307,
            "pr_auc": 0.08714865619564345
          },
          "delta_retrain_minus_default": {
            "accuracy": 0.23333333333333328,
            "macro_f1": 0.16681046350164003,
            "positive_precision": 0.04423880213353899,
            "positive_recall": 0.0,
            "positive_f1": 0.07156862745098039,
            "roc_auc": 0.0,
            "pr_auc": 0.08268398268398264
          },
          "selected_epochs_h256d2": [
            4.0,
            7.0,
            5.0
          ]
        },
        "last_layer": {
          "default_h128d1": {
            "accuracy": 0.5166666666666667,
            "macro_f1": 0.41386800334168755,
            "positive_precision": 0.21451355661881977,
            "positive_recall": 0.8333333333333334,
            "positive_f1": 0.25555555555555554,
            "roc_auc": 0.5350877192982456,
            "pr_auc": 0.2297686618507052
          },
          "retrain_h256d2": {
            "accuracy": 0.4083333333333334,
            "macro_f1": 0.33748691395750213,
            "positive_precision": 0.10647653000594177,
            "positive_recall": 1.0,
            "positive_f1": 0.18624338624338624,
            "roc_auc": 0.8947368421052632,
            "pr_auc": 0.3175925925925926
          },
          "retrain_h256d2_std": {
            "accuracy": 0.3394235309069384,
            "macro_f1": 0.23436576032085618,
            "positive_precision": 0.08099860451984214,
            "positive_recall": 0.0,
            "positive_f1": 0.12739351995891166,
            "roc_auc": 0.02631578947368418,
            "pr_auc": 0.04765596012021397
          },
          "delta_retrain_minus_default": {
            "accuracy": -0.10833333333333334,
            "macro_f1": -0.07638108938418542,
            "positive_precision": -0.10803702661287799,
            "positive_recall": 0.16666666666666663,
            "positive_f1": -0.0693121693121693,
            "roc_auc": 0.35964912280701755,
            "pr_auc": 0.08782393074188738
          },
          "selected_epochs_h256d2": [
            6.0,
            15.0,
            6.0
          ]
        }
      }
    },
    "aime": {
      "test_prevalence": 0.5833333333333334,
      "prompt_length_baseline": {
        "accuracy": 0.6666666666666666,
        "macro_f1": 0.6666666666666666,
        "positive_precision": 0.8,
        "positive_recall": 0.5714285714285714,
        "positive_f1": 0.6666666666666666,
        "roc_auc": 0.8571428571428571,
        "pr_auc": 0.8976190476190475
      },
      "views": {
        "ensemble": {
          "default_h128d1": {
            "accuracy": 0.8055555555555557,
            "macro_f1": 0.7980283605283606,
            "positive_precision": 0.9259259259259259,
            "positive_recall": 0.7619047619047619,
            "positive_f1": 0.8118686868686869,
            "roc_auc": 0.8904761904761905,
            "pr_auc": 0.9218253968253967
          },
          "retrain_h256d2": {
            "accuracy": 0.6944444444444445,
            "macro_f1": 0.684019684019684,
            "positive_precision": 1.0,
            "positive_recall": 0.4761904761904761,
            "positive_f1": 0.632996632996633,
            "roc_auc": 0.8761904761904762,
            "pr_auc": 0.9089500446643303
          },
          "retrain_h256d2_std": {
            "accuracy": 0.0962250448649376,
            "macro_f1": 0.11125319872496289,
            "positive_precision": 0.0,
            "positive_recall": 0.1649572197684645,
            "positive_f1": 0.16329098522534874,
            "roc_auc": 0.016495721976846425,
            "pr_auc": 0.005229195103787626
          },
          "delta_retrain_minus_default": {
            "accuracy": -0.11111111111111116,
            "macro_f1": -0.11400867650867652,
            "positive_precision": 0.07407407407407407,
            "positive_recall": -0.28571428571428575,
            "positive_f1": -0.17887205387205385,
            "roc_auc": -0.014285714285714346,
            "pr_auc": -0.012875352161066389
          },
          "selected_epochs_h256d2": [
            4.0,
            9.0,
            4.0
          ]
        },
        "last_layer": {
          "default_h128d1": {
            "accuracy": 0.5555555555555556,
            "macro_f1": 0.39144736842105265,
            "positive_precision": 0.7222222222222223,
            "positive_recall": 0.7142857142857143,
            "positive_f1": 0.5745614035087719,
            "roc_auc": 0.7999999999999999,
            "pr_auc": 0.9043083900226757
          },
          "retrain_h256d2": {
            "accuracy": 0.75,
            "macro_f1": 0.7494172494172494,
            "positive_precision": 0.8777777777777778,
            "positive_recall": 0.6666666666666666,
            "positive_f1": 0.7564102564102564,
            "roc_auc": 0.7238095238095239,
            "pr_auc": 0.8479385693671407
          },
          "retrain_h256d2_std": {
            "accuracy": 0.08333333333333337,
            "macro_f1": 0.08333944587750472,
            "positive_precision": 0.10715167512214392,
            "positive_recall": 0.08247860988423228,
            "positive_f1": 0.08406972467053851,
            "roc_auc": 0.04364357804719849,
            "pr_auc": 0.044087108783343036
          },
          "delta_retrain_minus_default": {
            "accuracy": 0.19444444444444442,
            "macro_f1": 0.35796988099619675,
            "positive_precision": 0.15555555555555545,
            "positive_recall": -0.04761904761904767,
            "positive_f1": 0.18184885290148445,
            "roc_auc": -0.07619047619047603,
            "pr_auc": -0.056369820655534975
          },
          "selected_epochs_h256d2": [
            12.0,
            6.0,
            15.0
          ]
        }
      }
    },