{
  "accuracy": 0.7625,
  "checkpoint_path": "/data/scratch/murphy/outputs/cot-loop-detection/full_train_locked_pair_20260404_binary_h256d2/livecodebench/majority_s_0.5/last_layer/seed_1/_eval_ckpts/epoch_015.pt",
  "classifier_layer": -1,
  "classifier_mode": "last_layer",
  "epoch": 15,
  "eval_accuracy": 0.7625,
  "eval_macro_f1": 0.749835418038183,
  "eval_positive_f1": 0.6935483870967742,
  "eval_positive_precision": 0.6142857142857143,
  "eval_positive_recall": 0.7962962962962963,
  "eval_pr_auc": 0.7615863853541412,
  "eval_prevalence": 0.3375,
  "eval_roc_auc": 0.8680992313067785,
  "feature_key": "last_token_all_layers_stack_final",
  "lr": 2e-05,
  "macro_f1": 0.749835418038183,
  "positive_f1": 0.6935483870967742,
  "positive_precision": 0.6142857142857143,
  "positive_recall": 0.7962962962962963,
  "pr_auc": 0.7615863853541412,
  "prevalence": 0.3375,
  "resolved_classifier_layer": 27,
  "roc_auc": 0.8680992313067785,
  "sample_shape": [
    28,
    2048
  ],
  "score_rule": "vote_fraction",
  "seed": 1,
  "selection_kind": "best_loss",
  "selection_metric": "roc_auc",
  "selection_rule": "max(roc_auc), tie_break=max(macro_f1)",
  "step": 30,
  "target_kind": "binary",
  "target_name": "majority_s_0.5",
  "tie_breaker": "macro_f1",
  "train_accuracy": 0.7085714285714285,
  "train_loss": 0.6112438310895647,
  "train_macro_f1": 0.7084857590802195,
  "train_positive_f1": 0.7134831460674157,
  "train_positive_precision": 0.7016574585635359,
  "train_positive_recall": 0.7257142857142858,
  "train_pr_auc": 0.7692450271964187,
  "train_prevalence": 0.5,
  "train_roc_auc": 0.7932081632653061,
  "vote_rule": "majority"
}
