{
  "accuracy": 0.7375,
  "checkpoint_path": "/data/scratch/murphy/outputs/cot-loop-detection/full_train_locked_pair_20260404_binary_h256d2/livecodebench/majority_s_0.5/last_layer/seed_0/_eval_ckpts/epoch_015.pt",
  "classifier_layer": -1,
  "classifier_mode": "last_layer",
  "epoch": 15,
  "eval_accuracy": 0.7375,
  "eval_macro_f1": 0.7265625,
  "eval_positive_f1": 0.671875,
  "eval_positive_precision": 0.581081081081081,
  "eval_positive_recall": 0.7962962962962963,
  "eval_pr_auc": 0.7579573526152261,
  "eval_prevalence": 0.3375,
  "eval_roc_auc": 0.86617749825297,
  "feature_key": "last_token_all_layers_stack_final",
  "lr": 2e-05,
  "macro_f1": 0.7265625,
  "positive_f1": 0.671875,
  "positive_precision": 0.581081081081081,
  "positive_recall": 0.7962962962962963,
  "pr_auc": 0.7579573526152261,
  "prevalence": 0.3375,
  "resolved_classifier_layer": 27,
  "roc_auc": 0.86617749825297,
  "sample_shape": [
    28,
    2048
  ],
  "score_rule": "vote_fraction",
  "seed": 0,
  "selection_kind": "best_loss",
  "selection_metric": "roc_auc",
  "selection_rule": "max(roc_auc), tie_break=max(macro_f1)",
  "step": 30,
  "target_kind": "binary",
  "target_name": "majority_s_0.5",
  "tie_breaker": "macro_f1",
  "train_accuracy": 0.7142857142857143,
  "train_loss": 0.5876479581424168,
  "train_macro_f1": 0.7141363651213695,
  "train_positive_f1": 0.7076023391812866,
  "train_positive_precision": 0.7245508982035929,
  "train_positive_recall": 0.6914285714285714,
  "train_pr_auc": 0.7602940670931716,
  "train_prevalence": 0.5,
  "train_roc_auc": 0.7978775510204081,
  "vote_rule": "majority"
}
