{
  "binary_data_dir": "/data/scratch/murphy/outputs/cot-loop-detection/prompt_profile_regression_natural_rerun_20260405/mmlu_pro/majority_s_0.5/data",
  "dataset": "mmlu_pro",
  "dataset_root": "/data/scratch/murphy/outputs/cot-loop-detection/prompt_profile_regression_natural_rerun_20260405/mmlu_pro",
  "expected_targets": [
    "regression"
  ],
  "majority_s_0.5": {
    "metadata_baselines": null,
    "status": "missing",
    "views": null
  },
  "mean_relative_length": {
    "data_dir": "/data/scratch/murphy/outputs/cot-loop-detection/prompt_profile_regression_natural_rerun_20260405/mmlu_pro/shared_archive",
    "metadata_baselines": {
      "effective_budget": {
        "feature_names": [
          "effective_max_tokens"
        ],
        "model_payload": {
          "coef": [
            0.0
          ],
          "intercept": 0.11895332031249999,
          "scaler_mean": [
            30000.0
          ],
          "scaler_scale": [
            1.0
          ]
        },
        "test": {
          "mae": 0.09842493326822917,
          "mse": 0.017519734610823737,
          "pred_mean": 0.11895332031249997,
          "rmse": 0.13236213435429234,
          "spearman": NaN,
          "target_mean": 0.12173562499999999,
          "top_10p_capture": 0.12946300983517903,
          "top_20p_capture": 0.2223585604734303
        },
        "train": {
          "mae": 0.10263510213216145,
          "mse": 0.018115453582617017,
          "pred_mean": 0.11895332031249997,
          "rmse": 0.13459366100458453,
          "spearman": NaN,
          "target_mean": 0.11895332031249999,
          "top_10p_capture": 0.0910665565481908,
          "top_20p_capture": 0.190081893775077
        }
      },
      "prompt_length": {
        "feature_names": [
          "prompt_token_count"
        ],
        "model_payload": {
          "coef": [
            0.04842179290889947
          ],
          "intercept": 0.1189533203125,
          "scaler_mean": [
            236.075
          ],
          "scaler_scale": [
            92.77382106499657
          ]
        },
        "test": {
          "mae": 0.09600185251193427,
          "mse": 0.015765427747345184,
          "pred_mean": 0.12632237314210762,
          "rmse": 0.12556045455216058,
          "spearman": 0.39305748822881714,
          "target_mean": 0.12173562499999999,
          "top_10p_capture": 0.16926023093075673,
          "top_20p_capture": 0.2916510505176005
        },
        "train": {
          "mae": 0.0906692202806623,
          "mse": 0.01577078355410467,
          "pred_mean": 0.11895332031250001,
          "rmse": 0.1255817803429489,
          "spearman": 0.4489981080121227,
          "target_mean": 0.11895332031249999,
          "top_10p_capture": 0.1762947541024879,
          "top_20p_capture": 0.32469231682815014
        }
      },
      "prompt_length_plus_effective_budget": {
        "feature_names": [
          "prompt_token_count",
          "effective_max_tokens"
        ],
        "model_payload": {
          "coef": [
            0.048421792908899544,
            0.0
          ],
          "intercept": 0.11895332031250001,
          "scaler_mean": [
            236.075,
            30000.0
          ],
          "scaler_scale": [
            92.77382106499668,
            1.0
          ]
        },
        "test": {
          "mae": 0.09600185251193427,
          "mse": 0.01576542774734518,
          "pred_mean": 0.12632237314210765,
          "rmse": 0.12556045455216058,
          "spearman": 0.39305748822881714,
          "target_mean": 0.12173562499999999,
          "top_10p_capture": 0.16926023093075673,
          "top_20p_capture": 0.2916510505176005
        },
        "train": {
          "mae": 0.0906692202806623,
          "mse": 0.01577078355410467,
          "pred_mean": 0.11895332031250001,
          "rmse": 0.1255817803429489,
          "spearman": 0.4489981080121227,
          "target_mean": 0.11895332031249999,
          "top_10p_capture": 0.1762947541024879,
          "top_20p_capture": 0.32469231682815014
        }
      }
    },
    "status": "complete",
    "views": {
      "ensemble": {
        "aggregate": {
          "best_loss": {
            "mae": {
              "count": 3,
              "mean": 0.09321387956636802,
              "std": 0.0003683911468595539
            },
            "mse": {
              "count": 3,
              "mean": 0.017759256771575388,
              "std": 3.9833488370347685e-05
            },
            "pred_mean": {
              "count": 3,
              "mean": 0.10221739037272831,
              "std": 0.0013204059826916292
            },
            "rmse": {
              "count": 3,
              "mean": 0.13326380556220202,
              "std": 0.00014949241621076275
            },
            "spearman": {
              "count": 3,
              "mean": 0.3482958318684324,
              "std": 0.03440111144041849
            },
            "target_mean": {
              "count": 3,
              "mean": 0.12173562516982202,
              "std": 0.0
            },
            "top_10p_capture": {
              "count": 3,
              "mean": 0.20895519844716082,
              "std": 0.022186615764589083
            },
            "top_20p_capture": {
              "count": 3,
              "mean": 0.3554259770237402,
              "std": 0.024705832166691453
            }
          },
          "best_rank": {
            "mae": {
              "count": 3,
              "mean": 0.09321387956636802,
              "std": 0.0003683911468595539
            },
            "mse": {
              "count": 3,
              "mean": 0.017759256771575388,
              "std": 3.9833488370347685e-05
            },
            "pred_mean": {
              "count": 3,
              "mean": 0.10221739037272831,
              "std": 0.0013204059826916292
            },
            "rmse": {
              "count": 3,
              "mean": 0.13326380556220202,
              "std": 0.00014949241621076275
            },
            "spearman": {
              "count": 3,
              "mean": 0.3482958318684324,
              "std": 0.03440111144041849
            },
            "target_mean": {
              "count": 3,
              "mean": 0.12173562516982202,
              "std": 0.0
            },
            "top_10p_capture": {
              "count": 3,
              "mean": 0.20895519844716082,
              "std": 0.022186615764589083
            },
            "top_20p_capture": {
              "count": 3,
              "mean": 0.3554259770237402,
              "std": 0.024705832166691453
            }
          }
        },
        "missing_seed_dirs": [],
        "per_seed": [
          {
            "best_loss": {
              "mae": 0.09281371560355182,
              "mse": 0.01779014411495985,
              "pred_mean": 0.10086231213063002,
              "rmse": 0.13337969903609714,
              "spearman": 0.3876655338099144,
              "target_mean": 0.12173562516982202,
              "top_10p_capture": 0.1839205850268712,
              "top_20p_capture": 0.3785683957910907
            },
            "best_rank": {
              "mae": 0.09281371560355182,
              "mse": 0.01779014411495985,
              "pred_mean": 0.10086231213063002,
              "rmse": 0.13337969903609714,
              "spearman": 0.3876655338099144,
              "target_mean": 0.12173562516982202,
              "top_10p_capture": 0.1839205850268712,
              "top_20p_capture": 0.3785683957910907
            },
            "seed_dir": "/data/scratch/murphy/outputs/cot-loop-detection/prompt_profile_regression_natural_rerun_20260405/mmlu_pro/mean_relative_length/ensemble/seed_0"
          },
          {
            "best_loss": {
              "mae": 0.09328900699911173,
              "mse": 0.017773328956803437,
              "pred_mean": 0.10228970707394183,
              "rmse": 0.13331664921082975,