{
  "accuracy": 0.51,
  "checkpoint_path": "/data/scratch/murphy/outputs/cot-loop-detection/full_train_locked_pair_20260404_binary_h256d2/math500/majority_s_0.5/ensemble/seed_2/_eval_ckpts/epoch_008.pt",
  "classifier_layer": -1,
  "classifier_mode": "ensemble",
  "epoch": 8,
  "eval_accuracy": 0.51,
  "eval_macro_f1": 0.39884676726781987,
  "eval_positive_f1": 0.14035087719298245,
  "eval_positive_precision": 0.07547169811320754,
  "eval_positive_recall": 1.0,
  "eval_pr_auc": 0.15705128205128205,
  "eval_prevalence": 0.04,
  "eval_roc_auc": 0.8854166666666667,
  "feature_key": "last_token_all_layers_stack_final",
  "lr": 6.482146721021292e-05,
  "macro_f1": 0.39884676726781987,
  "positive_f1": 0.14035087719298245,
  "positive_precision": 0.07547169811320754,
  "positive_recall": 1.0,
  "pr_auc": 0.15705128205128205,
  "prevalence": 0.04,
  "resolved_classifier_layer": null,
  "roc_auc": 0.8854166666666667,
  "sample_shape": [
    28,
    2048
  ],
  "score_rule": "vote_fraction",
  "seed": 2,
  "selection_kind": "best_rank",
  "selection_metric": "pr_auc",
  "selection_rule": "max(pr_auc), tie_break=max(roc_auc), max(macro_f1)",
  "selection_tertiary_metric": "macro_f1",
  "step": 8,
  "target_kind": "binary",
  "target_name": "majority_s_0.5",
  "tie_breaker": "roc_auc",
  "train_accuracy": 0.8409090909090909,
  "train_loss": 0.731144905090332,
  "train_macro_f1": 0.8408268733850129,
  "train_positive_f1": 0.8444444444444444,
  "train_positive_precision": 0.8260869565217391,
  "train_positive_recall": 0.8636363636363636,
  "train_pr_auc": 0.928909058855583,
  "train_prevalence": 0.5,
  "train_roc_auc": 0.9173553719008265,
  "vote_rule": "majority"
}
