{
  "accuracy": 0.8625,
  "checkpoint_path": "/data/scratch/murphy/outputs/cot-loop-detection/full_train_locked_pair_20260404_binary_h256d2/mmlu_pro/majority_s_0.5/ensemble/seed_1/_eval_ckpts/epoch_001.pt",
  "classifier_layer": -1,
  "classifier_mode": "ensemble",
  "epoch": 1,
  "eval_accuracy": 0.8625,
  "eval_macro_f1": 0.5395081109366824,
  "eval_positive_f1": 0.15384615384615385,
  "eval_positive_precision": 0.08333333333333333,
  "eval_positive_recall": 1.0,
  "eval_pr_auc": 0.23333333333333334,
  "eval_prevalence": 0.0125,
  "eval_roc_auc": 0.9731012658227848,
  "feature_key": "last_token_all_layers_stack_final",
  "lr": 5e-05,
  "macro_f1": 0.5395081109366824,
  "positive_f1": 0.15384615384615385,
  "positive_precision": 0.08333333333333333,
  "positive_recall": 1.0,
  "pr_auc": 0.23333333333333334,
  "prevalence": 0.0125,
  "resolved_classifier_layer": null,
  "roc_auc": 0.9731012658227848,
  "sample_shape": [
    28,
    2048
  ],
  "score_rule": "vote_fraction",
  "seed": 1,
  "selection_kind": "best_loss",
  "selection_metric": "roc_auc",
  "selection_rule": "max(roc_auc), tie_break=max(macro_f1)",
  "step": 1,
  "target_kind": "binary",
  "target_name": "majority_s_0.5",
  "tie_breaker": "macro_f1",
  "train_accuracy": 0.6428571428571429,
  "train_loss": 0.90315181016922,
  "train_macro_f1": 0.625668449197861,
  "train_positive_f1": 0.5454545454545454,
  "train_positive_precision": 0.75,
  "train_positive_recall": 0.42857142857142855,
  "train_pr_auc": 0.623015873015873,
  "train_prevalence": 0.5,
  "train_roc_auc": 0.5408163265306123,
  "vote_rule": "majority"
}
