{
  "accuracy": 0.75,
  "checkpoint_path": "/data/scratch/murphy/outputs/cot-loop-detection/full_train_locked_pair_20260404_binary_h256d2/livecodebench/majority_s_0.5/ensemble/seed_0/_eval_ckpts/epoch_003.pt",
  "classifier_layer": -1,
  "classifier_mode": "ensemble",
  "epoch": 3,
  "eval_accuracy": 0.75,
  "eval_macro_f1": 0.6865203761755485,
  "eval_positive_f1": 0.5454545454545454,
  "eval_positive_precision": 0.7058823529411765,
  "eval_positive_recall": 0.4444444444444444,
  "eval_pr_auc": 0.6687397905990357,
  "eval_prevalence": 0.3375,
  "eval_roc_auc": 0.8325471698113208,
  "feature_key": "last_token_all_layers_stack_final",
  "lr": 9.758770483143635e-05,
  "macro_f1": 0.6865203761755485,
  "positive_f1": 0.5454545454545454,
  "positive_precision": 0.7058823529411765,
  "positive_recall": 0.4444444444444444,
  "pr_auc": 0.6687397905990357,
  "prevalence": 0.3375,
  "resolved_classifier_layer": null,
  "roc_auc": 0.8325471698113208,
  "sample_shape": [
    28,
    2048
  ],
  "score_rule": "vote_fraction",
  "seed": 0,
  "selection_kind": "best_rank",
  "selection_metric": "pr_auc",
  "selection_rule": "max(pr_auc), tie_break=max(roc_auc), max(macro_f1)",
  "selection_tertiary_metric": "macro_f1",
  "step": 6,
  "target_kind": "binary",
  "target_name": "majority_s_0.5",
  "tie_breaker": "roc_auc",
  "train_accuracy": 0.5514285714285714,
  "train_loss": 0.7755477908679417,
  "train_macro_f1": 0.4584873121458487,
  "train_positive_f1": 0.23414634146341465,
  "train_positive_precision": 0.8,
  "train_positive_recall": 0.13714285714285715,
  "train_pr_auc": 0.7331109373753608,
  "train_prevalence": 0.5,
  "train_roc_auc": 0.7897142857142857,
  "vote_rule": "majority"
}
