{
  "accuracy": 0.725,
  "checkpoint_path": "/data/scratch/murphy/outputs/cot-loop-detection/full_train_locked_pair_20260404_binary_h256d2/mmlu_pro/majority_s_0.5/last_layer/seed_0/_eval_ckpts/epoch_015.pt",
  "classifier_layer": -1,
  "classifier_mode": "last_layer",
  "epoch": 15,
  "eval_accuracy": 0.725,
  "eval_macro_f1": 0.4607843137254902,
  "eval_positive_f1": 0.08333333333333333,
  "eval_positive_precision": 0.043478260869565216,
  "eval_positive_recall": 1.0,
  "eval_pr_auc": 0.07142857142857142,
  "eval_prevalence": 0.0125,
  "eval_roc_auc": 0.8765822784810127,
  "feature_key": "last_token_all_layers_stack_final",
  "lr": 2e-05,
  "macro_f1": 0.4607843137254902,
  "positive_f1": 0.08333333333333333,
  "positive_precision": 0.043478260869565216,
  "positive_recall": 1.0,
  "pr_auc": 0.07142857142857142,
  "prevalence": 0.0125,
  "resolved_classifier_layer": 27,
  "roc_auc": 0.8765822784810127,
  "sample_shape": [
    28,
    2048
  ],
  "score_rule": "vote_fraction",
  "seed": 0,
  "selection_kind": "best_loss",
  "selection_metric": "roc_auc",
  "selection_rule": "max(roc_auc), tie_break=max(macro_f1)",
  "step": 15,
  "target_kind": "binary",
  "target_name": "majority_s_0.5",
  "tie_breaker": "macro_f1",
  "train_accuracy": 0.7857142857142857,
  "train_loss": 0.617688775062561,
  "train_macro_f1": 0.7846153846153847,
  "train_positive_f1": 0.8,
  "train_positive_precision": 0.75,
  "train_positive_recall": 0.8571428571428571,
  "train_pr_auc": 0.8715213358070499,
  "train_prevalence": 0.5,
  "train_roc_auc": 0.8367346938775511,
  "vote_rule": "majority"
}
