{
  "binary_data_dir": "/data/scratch/murphy/outputs/cot-loop-detection/full_train_locked_pair_20260404_regression_balanced/mmlu_pro/majority_s_0.5/data",
  "dataset": "mmlu_pro",
  "dataset_root": "/data/scratch/murphy/outputs/cot-loop-detection/full_train_locked_pair_20260404_regression_balanced/mmlu_pro",
  "expected_targets": [
    "regression"
  ],
  "majority_s_0.5": {
    "metadata_baselines": null,
    "status": "missing",
    "views": null
  },
  "mean_relative_length": {
    "data_dir": "/data/scratch/murphy/outputs/cot-loop-detection/full_train_locked_pair_20260404_regression_balanced/mmlu_pro/mean_relative_length/data",
    "metadata_baselines": {
      "effective_budget": {
        "feature_names": [
          "effective_max_tokens"
        ],
        "model_payload": {
          "coef": [
            0.0
          ],
          "intercept": 0.38172202380952386,
          "scaler_mean": [
            30000.0
          ],
          "scaler_scale": [
            1.0
          ]
        },
        "test": {
          "mae": 0.2747553422619048,
          "mse": 0.08510492095739444,
          "pred_mean": 0.3817220238095239,
          "rmse": 0.29172747720671505,
          "spearman": NaN,
          "target_mean": 0.12173562499999999,
          "top_10p_capture": 0.12946300983517903,
          "top_20p_capture": 0.2223585604734303
        },
        "train": {
          "mae": 0.3150827380952381,
          "mse": 0.11057767871634071,
          "pred_mean": 0.3817220238095239,
          "rmse": 0.3325322220722989,
          "spearman": NaN,
          "target_mean": 0.38172202380952375,
          "top_10p_capture": 0.012481034410168207,
          "top_20p_capture": 0.14168250705995544
        }
      },
      "prompt_length": {
        "feature_names": [
          "prompt_token_count"
        ],
        "model_payload": {
          "coef": [
            0.22326056060440655
          ],
          "intercept": 0.38172202380952386,
          "scaler_mean": [
            240.07142857142858
          ],
          "scaler_scale": [
            72.55683908467336
          ]
        },
        "test": {
          "mae": 0.27574209328954674,
          "mse": 0.12862868481892437,
          "pred_mean": 0.3873109793340051,
          "rmse": 0.35864841393616165,
          "spearman": 0.3919251899267953,
          "target_mean": 0.12173562499999999,
          "top_10p_capture": 0.16926023093075673,
          "top_20p_capture": 0.2916510505176005
        },
        "train": {
          "mae": 0.21463246142666595,
          "mse": 0.058179648434201314,
          "pred_mean": 0.37820625909983546,
          "rmse": 0.24120457797106862,
          "spearman": 0.8668872132406987,
          "target_mean": 0.38172202380952375,
          "top_10p_capture": 0.25299512079501885,
          "top_20p_capture": 0.4170012771073442
        }
      },
      "prompt_length_plus_effective_budget": {
        "feature_names": [
          "prompt_token_count",
          "effective_max_tokens"
        ],
        "model_payload": {
          "coef": [
            0.22326056060440652,
            0.0
          ],
          "intercept": 0.38172202380952397,
          "scaler_mean": [
            240.07142857142858,
            30000.0
          ],
          "scaler_scale": [
            72.55683908467336,
            1.0
          ]
        },
        "test": {
          "mae": 0.2757420932895468,
          "mse": 0.12862868481892442,
          "pred_mean": 0.38731097933400527,
          "rmse": 0.35864841393616176,
          "spearman": 0.3919251899267953,
          "target_mean": 0.12173562499999999,
          "top_10p_capture": 0.16926023093075673,
          "top_20p_capture": 0.2916510505176005
        },
        "train": {
          "mae": 0.21463246142666595,
          "mse": 0.05817964843420131,
          "pred_mean": 0.3782062590998356,
          "rmse": 0.2412045779710686,
          "spearman": 0.8668872132406987,
          "target_mean": 0.38172202380952375,
          "top_10p_capture": 0.25299512079501885,
          "top_20p_capture": 0.4170012771073442
        }
      }
    },
    "status": "complete",
    "views": {
      "ensemble": {
        "aggregate": {
          "best_loss": {
            "mae": {
              "count": 3,
              "mean": 0.1751037078764057,
              "std": 0.012928572500044639
            },
            "mse": {
              "count": 3,
              "mean": 0.03666772270878398,
              "std": 0.005076162581188564
            },
            "pred_mean": {
              "count": 3,
              "mean": 0.2726898081290225,
              "std": 0.013647006235952596
            },
            "rmse": {
              "count": 3,
              "mean": 0.19119250900342108,
              "std": 0.013027694141370226
            },
            "spearman": {
              "count": 3,
              "mean": 0.5798009687878433,
              "std": 0.05293999975287817
            },
            "target_mean": {
              "count": 3,
              "mean": 0.12173562516982202,
              "std": 0.0
            },
            "top_10p_capture": {
              "count": 3,
              "mean": 0.2844228410559279,
              "std": 0.003535386195546487
            },
            "top_20p_capture": {
              "count": 3,
              "mean": 0.4363551352104791,
              "std": 0.015607126850285992
            }
          },
          "best_rank": {
            "mae": {
              "count": 3,
              "mean": 0.17865548806051568,
              "std": 0.018337279692616407
            },
            "mse": {
              "count": 3,
              "mean": 0.03804715683773679,
              "std": 0.007176605833732447
            },
            "pred_mean": {
              "count": 3,
              "mean": 0.27899154682333266,
              "std": 0.024628666534428453
            },
            "rmse": {
              "count": 3,
              "mean": 0.19450322528356878,
              "std": 0.017985502162550824
            },
            "spearman": {
              "count": 3,
              "mean": 0.6021866088519082,
              "std": 0.026113270063579132
            },
            "target_mean": {
              "count": 3,
              "mean": 0.12173562516982202,
              "std": 0.0
            },
            "top_10p_capture": {
              "count": 3,
              "mean": 0.28131102016222104,
              "std": 0.0032367848093395844
            },
            "top_20p_capture": {
              "count": 3,
              "mean": 0.4366377948015255,
              "std": 0.02360018627594502
            }
          }
        },
        "missing_seed_dirs": [],
        "per_seed": [
          {
            "best_loss": {
              "mae": 0.16648776418005581,
              "mse": 0.03332101174912159,
              "pred_mean": 0.2671441504731774,
              "rmse": 0.18254043866804306,
              "spearman": 0.5955437712410641,
              "target_mean": 0.12173562516982202,
              "top_10p_capture": 0.2846062413358166,
              "top_20p_capture": 0.41974668367929524
            },
            "best_rank": {
              "mae": 0.16648776418005581,
              "mse": 0.03332101174912159,
              "pred_mean": 0.2671441504731774,
              "rmse": 0.18254043866804306,
              "spearman": 0.5955437712410641,
              "target_mean": 0.12173562516982202,
              "top_10p_capture": 0.2846062413358166,
              "top_20p_capture": 0.41974668367929524
            },
            "seed_dir": "/data/scratch/murphy/outputs/cot-loop-detection/full_train_locked_pair_20260404_regression_balanced/mmlu_pro/mean_relative_length/ensemble/seed_0"
          },
          {
            "best_loss": {
              "mae": 0.18996971564774867,
              "mse": 0.04250845996438467,
              "pred_mean": 0.2882366355508566,
              "rmse": 0.20617579868739364,