{
  "aime": {
    "mean_current_trigger_mass": 0.16318027277787525,
    "mean_last_prev_loop_mass": 0.03951892532253017,
    "mean_prev_loop_mass": 0.0733116772181044,
    "mean_prompt_mass": 0.5640685240427653,
    "mean_recent_nonloop_mass": 0.07317655071383342,
    "num_selected_rows": 30,
    "query_position_mode": "trigger_start",
    "summary_layer": 27,
    "top1_fraction_current_trigger": 0.10625,
    "top1_fraction_last_previous_loop": 0.025,
    "top1_fraction_previous_loop": 0.025,
    "top1_fraction_prompt": 0.8375,
    "top1_fraction_recent_nonloop": 0.016666666666666666
  },
  "gpqa": {
    "mean_current_trigger_mass": 0.1709465849990687,
    "mean_last_prev_loop_mass": 0.014718330814022079,
    "mean_prev_loop_mass": 0.03548806073136381,
    "mean_prompt_mass": 0.6083345696453221,
    "mean_recent_nonloop_mass": 0.09518694711852942,
    "num_selected_rows": 121,
    "query_position_mode": "trigger_start",
    "summary_layer": 27,
    "top1_fraction_current_trigger": 0.12241735537190082,
    "top1_fraction_last_previous_loop": 0.0030991735537190084,
    "top1_fraction_previous_loop": 0.0030991735537190084,
    "top1_fraction_prompt": 0.8476239669421488,
    "top1_fraction_recent_nonloop": 0.02427685950413223
  },
  "livecodebench": {
    "mean_current_trigger_mass": 0.16982637351435242,
    "mean_last_prev_loop_mass": 0.028179407472922337,
    "mean_prev_loop_mass": 0.06298706234831895,
    "mean_prompt_mass": 0.5704572376234707,
    "mean_recent_nonloop_mass": 0.08320108932241756,
    "num_selected_rows": 462,
    "query_position_mode": "trigger_start",
    "summary_layer": 27,
    "top1_fraction_current_trigger": 0.12080627705627706,
    "top1_fraction_last_previous_loop": 0.025432900432900432,
    "top1_fraction_previous_loop": 0.027326839826839828,
    "top1_fraction_prompt": 0.8153409090909091,
    "top1_fraction_recent_nonloop": 0.0266504329004329
  },
  "math500": {
    "mean_current_trigger_mass": 0.1564799918628791,
    "mean_last_prev_loop_mass": 0.03078070583422446,
    "mean_prev_loop_mass": 0.060861957043765444,
    "mean_prompt_mass": 0.5843659705098938,
    "mean_recent_nonloop_mass": 0.09236299130819081,
    "num_selected_rows": 68,
    "query_position_mode": "trigger_start",
    "summary_layer": 27,
    "top1_fraction_current_trigger": 0.09834558823529412,
    "top1_fraction_last_previous_loop": 0.02297794117647059,
    "top1_fraction_previous_loop": 0.02297794117647059,
    "top1_fraction_prompt": 0.8253676470588235,
    "top1_fraction_recent_nonloop": 0.043198529411764705
  },
  "mmlu_pro": {
    "mean_current_trigger_mass": 0.17734373630239414,
    "mean_last_prev_loop_mass": 0.009966197532440465,
    "mean_prev_loop_mass": 0.030616656930830616,
    "mean_prompt_mass": 0.5649911142312564,
    "mean_recent_nonloop_mass": 0.11963755690197174,
    "num_selected_rows": 130,
    "query_position_mode": "trigger_start",
    "summary_layer": 27,
    "top1_fraction_current_trigger": 0.1264423076923077,
    "top1_fraction_last_previous_loop": 0.0019230769230769232,
    "top1_fraction_previous_loop": 0.0019230769230769232,
    "top1_fraction_prompt": 0.8336538461538462,
    "top1_fraction_recent_nonloop": 0.03701923076923077
  }
}
