{
  "accuracy": 0.75625,
  "checkpoint_path": "/data/scratch/murphy/outputs/cot-loop-detection/full_train_locked_pair_20260404_binary_h256d2/livecodebench/majority_s_0.5/last_layer/seed_2/_eval_ckpts/epoch_015.pt",
  "classifier_layer": -1,
  "classifier_mode": "last_layer",
  "epoch": 15,
  "eval_accuracy": 0.75625,
  "eval_macro_f1": 0.7424786430605423,
  "eval_positive_f1": 0.6829268292682927,
  "eval_positive_precision": 0.6086956521739131,
  "eval_positive_recall": 0.7777777777777778,
  "eval_pr_auc": 0.7528969006224825,
  "eval_prevalence": 0.3375,
  "eval_roc_auc": 0.8651292802236198,
  "feature_key": "last_token_all_layers_stack_final",
  "lr": 2e-05,
  "macro_f1": 0.7424786430605423,
  "positive_f1": 0.6829268292682927,
  "positive_precision": 0.6086956521739131,
  "positive_recall": 0.7777777777777778,
  "pr_auc": 0.7528969006224825,
  "prevalence": 0.3375,
  "resolved_classifier_layer": 27,
  "roc_auc": 0.8651292802236198,
  "sample_shape": [
    28,
    2048
  ],
  "score_rule": "vote_fraction",
  "seed": 2,
  "selection_kind": "best_rank",
  "selection_metric": "pr_auc",
  "selection_rule": "max(pr_auc), tie_break=max(roc_auc), max(macro_f1)",
  "selection_tertiary_metric": "macro_f1",
  "step": 30,
  "target_kind": "binary",
  "target_name": "majority_s_0.5",
  "tie_breaker": "roc_auc",
  "train_accuracy": 0.74,
  "train_loss": 0.5828790722574506,
  "train_macro_f1": 0.7392315312881226,
  "train_positive_f1": 0.7533875338753387,
  "train_positive_precision": 0.7164948453608248,
  "train_positive_recall": 0.7942857142857143,
  "train_pr_auc": 0.7751203754018468,
  "train_prevalence": 0.5,
  "train_roc_auc": 0.814530612244898,
  "vote_rule": "majority"
}
