{
  "accuracy": 0.75,
  "checkpoint_path": "/data/scratch/murphy/outputs/cot-loop-detection/full_train_locked_pair_20260404_binary_h256d2/aime/majority_s_0.5/ensemble/seed_1/_eval_ckpts/epoch_009.pt",
  "classifier_layer": -1,
  "classifier_mode": "ensemble",
  "epoch": 9,
  "eval_accuracy": 0.75,
  "eval_macro_f1": 0.7482517482517483,
  "eval_positive_f1": 0.7272727272727273,
  "eval_positive_precision": 1.0,
  "eval_positive_recall": 0.5714285714285714,
  "eval_pr_auc": 0.9142857142857141,
  "eval_prevalence": 0.5833333333333334,
  "eval_roc_auc": 0.8571428571428572,
  "feature_key": "last_token_all_layers_stack_final",
  "lr": 5.517853278978709e-05,
  "macro_f1": 0.7482517482517483,
  "positive_f1": 0.7272727272727273,
  "positive_precision": 1.0,
  "positive_recall": 0.5714285714285714,
  "pr_auc": 0.9142857142857141,
  "prevalence": 0.5833333333333334,
  "resolved_classifier_layer": null,
  "roc_auc": 0.8571428571428572,
  "sample_shape": [
    28,
    2048
  ],
  "score_rule": "vote_fraction",
  "seed": 1,
  "selection_kind": "best_rank",
  "selection_metric": "pr_auc",
  "selection_rule": "max(pr_auc), tie_break=max(roc_auc), max(macro_f1)",
  "selection_tertiary_metric": "macro_f1",
  "step": 9,
  "target_kind": "binary",
  "target_name": "majority_s_0.5",
  "tie_breaker": "roc_auc",
  "train_accuracy": 0.7916666666666666,
  "train_loss": 0.7477642893791199,
  "train_macro_f1": 0.791304347826087,
  "train_positive_f1": 0.782608695652174,
  "train_positive_precision": 0.8181818181818182,
  "train_positive_recall": 0.75,
  "train_pr_auc": 0.9152981952461119,
  "train_prevalence": 0.5,
  "train_roc_auc": 0.9071180555555557,
  "vote_rule": "majority"
}
