{
  "binary_data_dir": "/data/scratch/murphy/outputs/cot-loop-detection/prompt_profile_regression_natural_rerun_20260405/gpqa/majority_s_0.5/data",
  "dataset": "gpqa",
  "dataset_root": "/data/scratch/murphy/outputs/cot-loop-detection/prompt_profile_regression_natural_rerun_20260405/gpqa",
  "expected_targets": [
    "regression"
  ],
  "majority_s_0.5": {
    "metadata_baselines": null,
    "status": "missing",
    "views": null
  },
  "mean_relative_length": {
    "data_dir": "/data/scratch/murphy/outputs/cot-loop-detection/prompt_profile_regression_natural_rerun_20260405/gpqa/shared_archive",
    "metadata_baselines": {
      "effective_budget": {
        "feature_names": [
          "effective_max_tokens"
        ],
        "model_payload": {
          "coef": [
            0.0
          ],
          "intercept": 0.2930004219409283,
          "scaler_mean": [
            30000.0
          ],
          "scaler_scale": [
            1.0
          ]
        },
        "test": {
          "mae": 0.13844302215189874,
          "mse": 0.02709370757863268,
          "pred_mean": 0.2930004219409283,
          "rmse": 0.16460166335317722,
          "spearman": NaN,
          "target_mean": 0.26311333333333337,
          "top_10p_capture": 0.06664824410266804,
          "top_20p_capture": 0.2151560164187802
        },
        "train": {
          "mae": 0.137588101532874,
          "mse": 0.030771566906467533,
          "pred_mean": 0.2930004219409283,
          "rmse": 0.17541826275068265,
          "spearman": NaN,
          "target_mean": 0.2930004219409283,
          "top_10p_capture": 0.10420359844530112,
          "top_20p_capture": 0.19809450023113115
        }
      },
      "prompt_length": {
        "feature_names": [
          "prompt_token_count"
        ],
        "model_payload": {
          "coef": [
            0.012798258923598045
          ],
          "intercept": 0.2930004219409283,
          "scaler_mean": [
            273.6392405063291
          ],
          "scaler_scale": [
            230.27798881149877
          ]
        },
        "test": {
          "mae": 0.1392830855668945,
          "mse": 0.027249516890163777,
          "pred_mean": 0.29189086075129095,
          "rmse": 0.16507427688820503,
          "spearman": 0.11643289508743643,
          "target_mean": 0.26311333333333337,
          "top_10p_capture": 0.07008307573415765,
          "top_20p_capture": 0.16792747738617073
        },
        "train": {
          "mae": 0.137558527270674,
          "mse": 0.030607771474992083,
          "pred_mean": 0.2930004219409283,
          "rmse": 0.1749507687179227,
          "spearman": 0.17587304055206998,
          "target_mean": 0.2930004219409283,
          "top_10p_capture": 0.11933908737044778,
          "top_20p_capture": 0.23384710207643603
        }
      },
      "prompt_length_plus_effective_budget": {
        "feature_names": [
          "prompt_token_count",
          "effective_max_tokens"
        ],
        "model_payload": {
          "coef": [
            0.012798258923598078,
            0.0
          ],
          "intercept": 0.29300042194092824,
          "scaler_mean": [
            273.6392405063291,
            30000.0
          ],
          "scaler_scale": [
            230.27798881149877,
            1.0
          ]
        },
        "test": {
          "mae": 0.1392830855668945,
          "mse": 0.02724951689016377,
          "pred_mean": 0.29189086075129084,
          "rmse": 0.165074276888205,
          "spearman": 0.11643289508743643,
          "target_mean": 0.26311333333333337,
          "top_10p_capture": 0.07008307573415765,
          "top_20p_capture": 0.16792747738617073
        },
        "train": {
          "mae": 0.13755852727067394,
          "mse": 0.03060777147499208,
          "pred_mean": 0.29300042194092824,
          "rmse": 0.1749507687179227,
          "spearman": 0.17587304055206998,
          "target_mean": 0.2930004219409283,
          "top_10p_capture": 0.11933908737044778,
          "top_20p_capture": 0.23384710207643603
        }
      }
    },
    "status": "complete",
    "views": {
      "ensemble": {
        "aggregate": {
          "best_loss": {
            "mae": {
              "count": 3,
              "mean": 0.12516872597237427,
              "std": 0.0010498091985830502
            },
            "mse": {
              "count": 3,
              "mean": 0.025672079363324097,
              "std": 0.0006369706723376683
            },
            "pred_mean": {
              "count": 3,
              "mean": 0.23548278386394184,
              "std": 0.004667833132377075
            },
            "rmse": {
              "count": 3,
              "mean": 0.16021690622395468,
              "std": 0.0019833015461380274
            },
            "spearman": {
              "count": 3,
              "mean": 0.41876172607879925,
              "std": 0.04524494398875203
            },
            "target_mean": {
              "count": 3,
              "mean": 0.2631133321672678,
              "std": 0.0
            },
            "top_10p_capture": {
              "count": 3,
              "mean": 0.13171605301084058,
              "std": 0.019463460182065656
            },
            "top_20p_capture": {
              "count": 3,
              "mean": 0.24704050983356507,
              "std": 0.018261195540753058
            }
          },
          "best_rank": {
            "mae": {
              "count": 3,
              "mean": 0.12516872597237427,
              "std": 0.0010498091985830502
            },
            "mse": {
              "count": 3,
              "mean": 0.025672079363324097,
              "std": 0.0006369706723376683
            },
            "pred_mean": {
              "count": 3,
              "mean": 0.23548278386394184,
              "std": 0.004667833132377075
            },
            "rmse": {
              "count": 3,
              "mean": 0.16021690622395468,
              "std": 0.0019833015461380274
            },
            "spearman": {
              "count": 3,
              "mean": 0.41876172607879925,
              "std": 0.04524494398875203
            },
            "target_mean": {
              "count": 3,
              "mean": 0.2631133321672678,
              "std": 0.0
            },
            "top_10p_capture": {
              "count": 3,
              "mean": 0.13171605301084058,
              "std": 0.019463460182065656
            },
            "top_20p_capture": {
              "count": 3,
              "mean": 0.24704050983356507,
              "std": 0.018261195540753058
            }
          }
        },
        "missing_seed_dirs": [],
        "per_seed": [
          {
            "best_loss": {
              "mae": 0.12416645921766759,
              "mse": 0.02550164177221202,
              "pred_mean": 0.23695453479886056,
              "rmse": 0.15969233473217184,
              "spearman": 0.4168855534709193,
              "target_mean": 0.2631133321672678,
              "top_10p_capture": 0.1093666859735286,
              "top_20p_capture": 0.2414200444978174
            },
            "best_rank": {
              "mae": 0.12416645921766759,
              "mse": 0.02550164177221202,
              "pred_mean": 0.23695453479886056,
              "rmse": 0.15969233473217184,
              "spearman": 0.4168855534709193,
              "target_mean": 0.2631133321672678,
              "top_10p_capture": 0.1093666859735286,
              "top_20p_capture": 0.2414200444978174
            },
            "seed_dir": "/data/scratch/murphy/outputs/cot-loop-detection/prompt_profile_regression_natural_rerun_20260405/gpqa/mean_relative_length/ensemble/seed_0"
          },
          {
            "best_loss": {
              "mae": 0.1262603636831045,
              "mse": 0.02637693104056915,
              "pred_mean": 0.23025645986199378,
              "rmse": 0.16240976276249267,