{
  "binary_data_dir": "/data/scratch/murphy/outputs/cot-loop-detection/prompt_profile_regression_natural_rerun_20260405/livecodebench/majority_s_0.5/data",
  "dataset": "livecodebench",
  "dataset_root": "/data/scratch/murphy/outputs/cot-loop-detection/prompt_profile_regression_natural_rerun_20260405/livecodebench",
  "expected_targets": [
    "regression"
  ],
  "majority_s_0.5": {
    "metadata_baselines": null,
    "status": "missing",
    "views": null
  },
  "mean_relative_length": {
    "data_dir": "/data/scratch/murphy/outputs/cot-loop-detection/prompt_profile_regression_natural_rerun_20260405/livecodebench/shared_archive",
    "metadata_baselines": {
      "effective_budget": {
        "feature_names": [
          "effective_max_tokens"
        ],
        "model_payload": {
          "coef": [
            0.0
          ],
          "intercept": 0.3760883723958333,
          "scaler_mean": [
            30000.0
          ],
          "scaler_scale": [
            1.0
          ]
        },
        "test": {
          "mae": 0.2614961979166667,
          "mse": 0.0869564893599177,
          "pred_mean": 0.37608837239583337,
          "rmse": 0.2948838574081628,
          "spearman": NaN,
          "target_mean": 0.4077647395833333,
          "top_10p_capture": 0.09068712133975335,
          "top_20p_capture": 0.18782825523755464
        },
        "train": {
          "mae": 0.25194432385253906,
          "mse": 0.08091003991199934,
          "pred_mean": 0.37608837239583337,
          "rmse": 0.28444690174441933,
          "spearman": NaN,
          "target_mean": 0.37608837239583337,
          "top_10p_capture": 0.09012609825780987,
          "top_20p_capture": 0.1852179578665212
        }
      },
      "prompt_length": {
        "feature_names": [
          "prompt_token_count"
        ],
        "model_payload": {
          "coef": [
            0.07007038364426516
          ],
          "intercept": 0.3760883723958333,
          "scaler_mean": [
            555.171875
          ],
          "scaler_scale": [
            206.6031033987253
          ]
        },
        "test": {
          "mae": 0.24583152130949965,
          "mse": 0.07796809785144347,
          "pred_mean": 0.37932411882441375,
          "rmse": 0.2792276810265119,
          "spearman": 0.4049523277144552,
          "target_mean": 0.4077647395833333,
          "top_10p_capture": 0.1369146297210031,
          "top_20p_capture": 0.24777333437389795
        },
        "train": {
          "mae": 0.24145171649051278,
          "mse": 0.07600018124794483,
          "pred_mean": 0.3760883723958333,
          "rmse": 0.27568130376930683,
          "spearman": 0.2906130386432678,
          "target_mean": 0.37608837239583337,
          "top_10p_capture": 0.1306043463369006,
          "top_20p_capture": 0.2543453484499692
        }
      },
      "prompt_length_plus_effective_budget": {
        "feature_names": [
          "prompt_token_count",
          "effective_max_tokens"
        ],
        "model_payload": {
          "coef": [
            0.07007038364426513,
            0.0
          ],
          "intercept": 0.37608837239583326,
          "scaler_mean": [
            555.171875,
            30000.0
          ],
          "scaler_scale": [
            206.6031033987253,
            1.0
          ]
        },
        "test": {
          "mae": 0.24583152130949965,
          "mse": 0.07796809785144347,
          "pred_mean": 0.3793241188244137,
          "rmse": 0.2792276810265119,
          "spearman": 0.4049523277144552,
          "target_mean": 0.4077647395833333,
          "top_10p_capture": 0.1369146297210031,
          "top_20p_capture": 0.24777333437389795
        },
        "train": {
          "mae": 0.24145171649051272,
          "mse": 0.07600018124794483,
          "pred_mean": 0.37608837239583326,
          "rmse": 0.27568130376930683,
          "spearman": 0.2906130386432678,
          "target_mean": 0.37608837239583337,
          "top_10p_capture": 0.1306043463369006,
          "top_20p_capture": 0.2543453484499692
        }
      }
    },
    "status": "complete",
    "views": {
      "ensemble": {
        "aggregate": {
          "best_loss": {
            "mae": {
              "count": 3,
              "mean": 0.20405757502497482,
              "std": 0.013286814665510762
            },
            "mse": {
              "count": 3,
              "mean": 0.061707968919264146,
              "std": 0.008615118875734278
            },
            "pred_mean": {
              "count": 3,
              "mean": 0.319990597696354,
              "std": 0.021534549318543695
            },
            "rmse": {
              "count": 3,
              "mean": 0.24799187842504855,
              "std": 0.017663400910360717
            },
            "spearman": {
              "count": 3,
              "mean": 0.8050167975311536,
              "std": 0.0015956539893419394
            },
            "target_mean": {
              "count": 3,
              "mean": 0.40776473882142455,
              "std": 0.0
            },
            "top_10p_capture": {
              "count": 3,
              "mean": 0.16971025707654633,
              "std": 0.0040836408487359595
            },
            "top_20p_capture": {
              "count": 3,
              "mean": 0.34040010721047437,
              "std": 0.004752426443075183
            }
          },
          "best_rank": {
            "mae": {
              "count": 3,
              "mean": 0.2108924656563128,
              "std": 0.015598735827641198
            },
            "mse": {
              "count": 3,
              "mean": 0.06564401536180638,
              "std": 0.00957594205671001
            },
            "pred_mean": {
              "count": 3,
              "mean": 0.31437916771198315,
              "std": 0.019249705111927445
            },
            "rmse": {
              "count": 3,
              "mean": 0.2557410938286295,
              "std": 0.01899374722675316
            },
            "spearman": {
              "count": 3,
              "mean": 0.8089925387710458,
              "std": 0.002331294667563109
            },
            "target_mean": {
              "count": 3,
              "mean": 0.40776473882142455,
              "std": 0.0
            },
            "top_10p_capture": {
              "count": 3,
              "mean": 0.1712233330771558,
              "std": 0.0014630056717653145
            },
            "top_20p_capture": {
              "count": 3,
              "mean": 0.34150602605904185,
              "std": 0.001752815105801003
            }
          }
        },
        "missing_seed_dirs": [],
        "per_seed": [
          {
            "best_loss": {
              "mae": 0.21336472674738616,
              "mse": 0.06844130920734579,
              "pred_mean": 0.3022241027094424,
              "rmse": 0.2616128995430955,
              "spearman": 0.8031993437243642,
              "target_mean": 0.40776473882142455,
              "top_10p_capture": 0.16499493237197388,
              "top_20p_capture": 0.3356552778723477
            },
            "best_rank": {
              "mae": 0.22536131318192928,
              "mse": 0.07370598212342414,
              "pred_mean": 0.30607514185830953,
              "rmse": 0.27148845670382404,
              "spearman": 0.8083470057424118,
              "target_mean": 0.40776473882142455,
              "top_10p_capture": 0.1720881005908749,
              "top_20p_capture": 0.3406071978477077
            },
            "seed_dir": "/data/scratch/murphy/outputs/cot-loop-detection/prompt_profile_regression_natural_rerun_20260405/livecodebench/mean_relative_length/ensemble/seed_0"
          },
          {
            "best_loss": {
              "mae": 0.20996677053626628,
              "mse": 0.06468297597188871,
              "pred_mean": 0.31380730755627156,
              "rmse": 0.2543284804576332,