{
  "accuracy": 0.8,
  "checkpoint_path": "/data/scratch/murphy/outputs/cot-loop-detection/full_train_locked_pair_20260404_binary_h256d2/livecodebench/majority_s_0.5/ensemble/seed_1/_eval_ckpts/epoch_002.pt",
  "classifier_layer": -1,
  "classifier_mode": "ensemble",
  "epoch": 2,
  "eval_accuracy": 0.8,
  "eval_macro_f1": 0.774290248633398,
  "eval_positive_f1": 0.6981132075471698,
  "eval_positive_precision": 0.7115384615384616,
  "eval_positive_recall": 0.6851851851851852,
  "eval_pr_auc": 0.7157157409244568,
  "eval_prevalence": 0.3375,
  "eval_roc_auc": 0.846785464709993,
  "feature_key": "last_token_all_layers_stack_final",
  "lr": 9.972953430967773e-05,
  "macro_f1": 0.774290248633398,
  "positive_f1": 0.6981132075471698,
  "positive_precision": 0.7115384615384616,
  "positive_recall": 0.6851851851851852,
  "pr_auc": 0.7157157409244568,
  "prevalence": 0.3375,
  "resolved_classifier_layer": null,
  "roc_auc": 0.846785464709993,
  "sample_shape": [
    28,
    2048
  ],
  "score_rule": "vote_fraction",
  "seed": 1,
  "selection_kind": "best_rank",
  "selection_metric": "pr_auc",
  "selection_rule": "max(pr_auc), tie_break=max(roc_auc), max(macro_f1)",
  "selection_tertiary_metric": "macro_f1",
  "step": 4,
  "target_kind": "binary",
  "target_name": "majority_s_0.5",
  "tie_breaker": "roc_auc",
  "train_accuracy": 0.5857142857142857,
  "train_loss": 0.9289039434705462,
  "train_macro_f1": 0.5273397844855687,
  "train_positive_f1": 0.36123348017621143,
  "train_positive_precision": 0.7884615384615384,
  "train_positive_recall": 0.2342857142857143,
  "train_pr_auc": 0.6542970989810479,
  "train_prevalence": 0.5,
  "train_roc_auc": 0.6802775510204082,
  "vote_rule": "majority"
}
