{
  "accuracy": 0.74375,
  "checkpoint_path": "/data/scratch/murphy/outputs/cot-loop-detection/full_train_locked_pair_20260404_binary_h256d2/livecodebench/majority_s_0.5/ensemble/seed_1/_eval_ckpts/epoch_003.pt",
  "classifier_layer": -1,
  "classifier_mode": "ensemble",
  "epoch": 3,
  "eval_accuracy": 0.74375,
  "eval_macro_f1": 0.6763849834739283,
  "eval_positive_f1": 0.5287356321839081,
  "eval_positive_precision": 0.696969696969697,
  "eval_positive_recall": 0.42592592592592593,
  "eval_pr_auc": 0.7008286829535744,
  "eval_prevalence": 0.3375,
  "eval_roc_auc": 0.8506289308176102,
  "feature_key": "last_token_all_layers_stack_final",
  "lr": 9.758770483143635e-05,
  "macro_f1": 0.6763849834739283,
  "positive_f1": 0.5287356321839081,
  "positive_precision": 0.696969696969697,
  "positive_recall": 0.42592592592592593,
  "pr_auc": 0.7008286829535744,
  "prevalence": 0.3375,
  "resolved_classifier_layer": null,
  "roc_auc": 0.8506289308176102,
  "sample_shape": [
    28,
    2048
  ],
  "score_rule": "vote_fraction",
  "seed": 1,
  "selection_kind": "best_loss",
  "selection_metric": "roc_auc",
  "selection_rule": "max(roc_auc), tie_break=max(macro_f1)",
  "step": 6,
  "target_kind": "binary",
  "target_name": "majority_s_0.5",
  "tie_breaker": "macro_f1",
  "train_accuracy": 0.5914285714285714,
  "train_loss": 0.7542230006626675,
  "train_macro_f1": 0.547546081595386,
  "train_positive_f1": 0.4066390041493776,
  "train_positive_precision": 0.7424242424242424,
  "train_positive_recall": 0.28,
  "train_pr_auc": 0.7268937631214839,
  "train_prevalence": 0.5,
  "train_roc_auc": 0.7716408163265306,
  "vote_rule": "majority"
}
