{
  "accuracy": 0.8333333333333334,
  "checkpoint_path": "/data/scratch/murphy/outputs/cot-loop-detection/full_train_locked_pair_20260404_binary_h256d2/aime/majority_s_0.5/ensemble/seed_2/_eval_ckpts/epoch_008.pt",
  "classifier_layer": -1,
  "classifier_mode": "ensemble",
  "epoch": 8,
  "eval_accuracy": 0.8333333333333334,
  "eval_macro_f1": 0.8333333333333334,
  "eval_positive_f1": 0.8333333333333334,
  "eval_positive_precision": 1.0,
  "eval_positive_recall": 0.7142857142857143,
  "eval_pr_auc": 0.9142857142857144,
  "eval_prevalence": 0.5833333333333334,
  "eval_roc_auc": 0.8285714285714285,
  "feature_key": "last_token_all_layers_stack_final",
  "lr": 6.482146721021292e-05,
  "macro_f1": 0.8333333333333334,
  "positive_f1": 0.8333333333333334,
  "positive_precision": 1.0,
  "positive_recall": 0.7142857142857143,
  "pr_auc": 0.9142857142857144,
  "prevalence": 0.5833333333333334,
  "resolved_classifier_layer": null,
  "roc_auc": 0.8285714285714285,
  "sample_shape": [
    28,
    2048
  ],
  "score_rule": "vote_fraction",
  "seed": 2,
  "selection_kind": "best_rank",
  "selection_metric": "pr_auc",
  "selection_rule": "max(pr_auc), tie_break=max(roc_auc), max(macro_f1)",
  "selection_tertiary_metric": "macro_f1",
  "step": 8,
  "target_kind": "binary",
  "target_name": "majority_s_0.5",
  "tie_breaker": "roc_auc",
  "train_accuracy": 0.8333333333333334,
  "train_loss": 0.7700664401054382,
  "train_macro_f1": 0.8306878306878307,
  "train_positive_f1": 0.8095238095238095,
  "train_positive_precision": 0.9444444444444444,
  "train_positive_recall": 0.7083333333333334,
  "train_pr_auc": 0.9297329281024932,
  "train_prevalence": 0.5,
  "train_roc_auc": 0.9296875,
  "vote_rule": "majority"
}
