{
  "accuracy": 0.5833333333333334,
  "checkpoint_path": "/data/scratch/murphy/outputs/cot-loop-detection/full_train_locked_pair_20260404_binary_h256d2/aime/majority_s_0.5/ensemble/seed_2/_eval_ckpts/epoch_004.pt",
  "classifier_layer": -1,
  "classifier_mode": "ensemble",
  "epoch": 4,
  "eval_accuracy": 0.5833333333333334,
  "eval_macro_f1": 0.5555555555555556,
  "eval_positive_f1": 0.4444444444444444,
  "eval_positive_precision": 1.0,
  "eval_positive_recall": 0.2857142857142857,
  "eval_pr_auc": 0.9087301587301588,
  "eval_prevalence": 0.5833333333333334,
  "eval_roc_auc": 0.8857142857142857,
  "feature_key": "last_token_all_layers_stack_final",
  "lr": 9.541824102612839e-05,
  "macro_f1": 0.5555555555555556,
  "positive_f1": 0.4444444444444444,
  "positive_precision": 1.0,
  "positive_recall": 0.2857142857142857,
  "pr_auc": 0.9087301587301588,
  "prevalence": 0.5833333333333334,
  "resolved_classifier_layer": null,
  "roc_auc": 0.8857142857142857,
  "sample_shape": [
    28,
    2048
  ],
  "score_rule": "vote_fraction",
  "seed": 2,
  "selection_kind": "best_loss",
  "selection_metric": "roc_auc",
  "selection_rule": "max(roc_auc), tie_break=max(macro_f1)",
  "step": 4,
  "target_kind": "binary",
  "target_name": "majority_s_0.5",
  "tie_breaker": "macro_f1",
  "train_accuracy": 0.7708333333333334,
  "train_loss": 0.9165652990341187,
  "train_macro_f1": 0.7658536585365854,
  "train_positive_f1": 0.7317073170731707,
  "train_positive_precision": 0.8823529411764706,
  "train_positive_recall": 0.625,
  "train_pr_auc": 0.8344108718216672,
  "train_prevalence": 0.5,
  "train_roc_auc": 0.8541666666666666,
  "vote_rule": "majority"
}
