{
  "aime": {
    "mean_current_trigger_mass": 0.1764186148842176,
    "mean_last_prev_loop_mass": 0.007817077566869557,
    "mean_prev_loop_mass": 0.037823860192050536,
    "mean_prompt_mass": 0.6269291887680689,
    "mean_recent_nonloop_mass": 0.02685857576628526,
    "num_selected_rows": 30,
    "summary_layer": 27,
    "top1_fraction_current_trigger": 0.10416666666666667,
    "top1_fraction_last_previous_loop": 0.0,
    "top1_fraction_previous_loop": 0.0,
    "top1_fraction_prompt": 0.8833333333333333,
    "top1_fraction_recent_nonloop": 0.0
  },
  "gpqa": {
    "mean_current_trigger_mass": 0.17291286187477348,
    "mean_last_prev_loop_mass": 0.006529163133857141,
    "mean_prev_loop_mass": 0.02508241779070871,
    "mean_prompt_mass": 0.6708687484756974,
    "mean_recent_nonloop_mass": 0.038689854391273266,
    "num_selected_rows": 121,
    "summary_layer": 27,
    "top1_fraction_current_trigger": 0.11053719008264463,
    "top1_fraction_last_previous_loop": 0.0,
    "top1_fraction_previous_loop": 0.0,
    "top1_fraction_prompt": 0.8832644628099173,
    "top1_fraction_recent_nonloop": 0.0010330578512396695
  },
  "livecodebench": {
    "mean_current_trigger_mass": 0.17361983926200764,
    "mean_last_prev_loop_mass": 0.00760120820785004,
    "mean_prev_loop_mass": 0.034381967752377424,
    "mean_prompt_mass": 0.636797985344222,
    "mean_recent_nonloop_mass": 0.03410903084766459,
    "num_selected_rows": 462,
    "summary_layer": 27,
    "top1_fraction_current_trigger": 0.11404220779220779,
    "top1_fraction_last_previous_loop": 0.00027056277056277056,
    "top1_fraction_previous_loop": 0.0005411255411255411,
    "top1_fraction_prompt": 0.8706709956709957,
    "top1_fraction_recent_nonloop": 0.0005411255411255411
  },
  "math500": {
    "mean_current_trigger_mass": 0.18530851191676714,
    "mean_last_prev_loop_mass": 0.006876862478427082,
    "mean_prev_loop_mass": 0.029094366673448616,
    "mean_prompt_mass": 0.6338607195545646,
    "mean_recent_nonloop_mass": 0.03910580960526953,
    "num_selected_rows": 68,
    "summary_layer": 27,
    "top1_fraction_current_trigger": 0.11121323529411764,
    "top1_fraction_last_previous_loop": 0.0,
    "top1_fraction_previous_loop": 0.0,
    "top1_fraction_prompt": 0.8759191176470589,
    "top1_fraction_recent_nonloop": 0.0
  },
  "mmlu_pro": {
    "mean_current_trigger_mass": 0.1852879273203703,
    "mean_last_prev_loop_mass": 0.006784421387307633,
    "mean_prev_loop_mass": 0.026831388509330843,
    "mean_prompt_mass": 0.6198976585498223,
    "mean_recent_nonloop_mass": 0.05026367951471072,
    "num_selected_rows": 130,
    "summary_layer": 27,
    "top1_fraction_current_trigger": 0.12211538461538461,
    "top1_fraction_last_previous_loop": 0.0,
    "top1_fraction_previous_loop": 0.0,
    "top1_fraction_prompt": 0.8754807692307692,
    "top1_fraction_recent_nonloop": 0.0
  }
}
