{
  "accuracy": 0.725,
  "checkpoint_path": "/data/scratch/murphy/outputs/cot-loop-detection/full_train_locked_pair_20260404_binary_h256d2/gpqa/majority_s_0.5/ensemble/seed_0/_eval_ckpts/epoch_004.pt",
  "classifier_layer": -1,
  "classifier_mode": "ensemble",
  "epoch": 4,
  "eval_accuracy": 0.725,
  "eval_macro_f1": 0.5487179487179488,
  "eval_positive_f1": 0.26666666666666666,
  "eval_positive_precision": 0.15384615384615385,
  "eval_positive_recall": 1.0,
  "eval_pr_auc": 0.5909090909090909,
  "eval_prevalence": 0.05,
  "eval_roc_auc": 0.9407894736842105,
  "feature_key": "last_token_all_layers_stack_final",
  "lr": 9.541824102612839e-05,
  "macro_f1": 0.5487179487179488,
  "positive_f1": 0.26666666666666666,
  "positive_precision": 0.15384615384615385,
  "positive_recall": 1.0,
  "pr_auc": 0.5909090909090909,
  "prevalence": 0.05,
  "resolved_classifier_layer": null,
  "roc_auc": 0.9407894736842105,
  "sample_shape": [
    28,
    2048
  ],
  "score_rule": "vote_fraction",
  "seed": 0,
  "selection_kind": "best_rank",
  "selection_metric": "pr_auc",
  "selection_rule": "max(pr_auc), tie_break=max(roc_auc), max(macro_f1)",
  "selection_tertiary_metric": "macro_f1",
  "step": 4,
  "target_kind": "binary",
  "target_name": "majority_s_0.5",
  "tie_breaker": "roc_auc",
  "train_accuracy": 0.8333333333333334,
  "train_loss": 0.8446105718612671,
  "train_macro_f1": 0.8328173374613003,
  "train_positive_f1": 0.8235294117647058,
  "train_positive_precision": 0.875,
  "train_positive_recall": 0.7777777777777778,
  "train_pr_auc": 0.8421568627450982,
  "train_prevalence": 0.5,
  "train_roc_auc": 0.8271604938271606,
  "vote_rule": "majority"
}
