{
  "accuracy": 0.32,
  "checkpoint_path": "/data/scratch/murphy/outputs/cot-loop-detection/full_train_locked_pair_20260404_binary_h256d2/math500/majority_s_0.5/last_layer/seed_1/_eval_ckpts/epoch_007.pt",
  "classifier_layer": -1,
  "classifier_mode": "last_layer",
  "epoch": 7,
  "eval_accuracy": 0.32,
  "eval_macro_f1": 0.2784380305602716,
  "eval_positive_f1": 0.10526315789473684,
  "eval_positive_precision": 0.05555555555555555,
  "eval_positive_recall": 1.0,
  "eval_pr_auc": 0.14475441339326428,
  "eval_prevalence": 0.04,
  "eval_roc_auc": 0.8177083333333333,
  "feature_key": "last_token_all_layers_stack_final",
  "lr": 7.418419548170143e-05,
  "macro_f1": 0.2784380305602716,
  "positive_f1": 0.10526315789473684,
  "positive_precision": 0.05555555555555555,
  "positive_recall": 1.0,
  "pr_auc": 0.14475441339326428,
  "prevalence": 0.04,
  "resolved_classifier_layer": 27,
  "roc_auc": 0.8177083333333333,
  "sample_shape": [
    28,
    2048
  ],
  "score_rule": "vote_fraction",
  "seed": 1,
  "selection_kind": "best_loss",
  "selection_metric": "roc_auc",
  "selection_rule": "max(roc_auc), tie_break=max(macro_f1)",
  "step": 7,
  "target_kind": "binary",
  "target_name": "majority_s_0.5",
  "tie_breaker": "macro_f1",
  "train_accuracy": 0.6590909090909091,
  "train_loss": 0.6558529734611511,
  "train_macro_f1": 0.6589147286821706,
  "train_positive_f1": 0.6666666666666666,
  "train_positive_precision": 0.6521739130434783,
  "train_positive_recall": 0.6818181818181818,
  "train_pr_auc": 0.7476298955771136,
  "train_prevalence": 0.5,
  "train_roc_auc": 0.743801652892562,
  "vote_rule": "majority"
}
