{
  "binary_data_dir": "/data/scratch/murphy/outputs/cot-loop-detection/full_train_locked_pair_20260404_regression_balanced_sampler/aime/majority_s_0.5/data",
  "dataset": "aime",
  "dataset_root": "/data/scratch/murphy/outputs/cot-loop-detection/full_train_locked_pair_20260404_regression_balanced_sampler/aime",
  "majority_s_0.5": {
    "metadata_baselines": null,
    "status": "missing",
    "views": null
  },
  "mean_relative_length": {
    "data_dir": "/data/scratch/murphy/outputs/cot-loop-detection/full_train_locked_pair_20260404_regression_balanced_sampler/aime/shared_archive",
    "metadata_baselines": {
      "effective_budget": {
        "feature_names": [
          "effective_max_tokens"
        ],
        "model_payload": {
          "coef": [
            0.0
          ],
          "intercept": 0.5879140625000003,
          "scaler_mean": [
            30000.0
          ],
          "scaler_scale": [
            1.0
          ]
        },
        "test": {
          "mae": 0.1696032118055555,
          "mse": 0.03839511882477935,
          "pred_mean": 0.5879140625000003,
          "rmse": 0.19594672445534614,
          "spearman": NaN,
          "target_mean": 0.625576388888889,
          "top_10p_capture": 0.09900869198405912,
          "top_20p_capture": 0.16855233506876988
        },
        "train": {
          "mae": 0.21866822916666664,
          "mse": 0.06311854800103081,
          "pred_mean": 0.5879140625000003,
          "rmse": 0.25123405024206175,
          "spearman": NaN,
          "target_mean": 0.5879140625,
          "top_10p_capture": 0.1257352604621152,
          "top_20p_capture": 0.2516034059919353
        }
      },
      "prompt_length": {
        "feature_names": [
          "prompt_token_count"
        ],
        "model_payload": {
          "coef": [
            0.08704583173230512
          ],
          "intercept": 0.5879140625000003,
          "scaler_mean": [
            159.85416666666666
          ],
          "scaler_scale": [
            140.46766970601772
          ]
        },
        "test": {
          "mae": 0.14665969047888172,
          "mse": 0.030904068974678164,
          "pred_mean": 0.585474049341362,
          "rmse": 0.17579553172557646,
          "spearman": 0.6760080419465042,
          "target_mean": 0.625576388888889,
          "top_10p_capture": 0.22305651454769485,
          "top_20p_capture": 0.30552268463528076
        },
        "train": {
          "mae": 0.20297319295011343,
          "mse": 0.05543001349430054,
          "pred_mean": 0.5876151391693694,
          "rmse": 0.23543579484500768,
          "spearman": 0.3199782920179123,
          "target_mean": 0.5879140625,
          "top_10p_capture": 0.1534028174587355,
          "top_20p_capture": 0.26344789502670246
        }
      },
      "prompt_length_plus_effective_budget": {
        "feature_names": [
          "prompt_token_count",
          "effective_max_tokens"
        ],
        "model_payload": {
          "coef": [
            0.08704583173230512,
            0.0
          ],
          "intercept": 0.5879140625000002,
          "scaler_mean": [
            159.85416666666666,
            30000.0
          ],
          "scaler_scale": [
            140.46766970601772,
            1.0
          ]
        },
        "test": {
          "mae": 0.14665969047888172,
          "mse": 0.030904068974678168,
          "pred_mean": 0.5854740493413618,
          "rmse": 0.1757955317255765,
          "spearman": 0.6760080419465042,
          "target_mean": 0.625576388888889,
          "top_10p_capture": 0.22305651454769485,
          "top_20p_capture": 0.30552268463528076
        },
        "train": {
          "mae": 0.20297319295011343,
          "mse": 0.055430013494300545,
          "pred_mean": 0.5876151391693692,
          "rmse": 0.23543579484500768,
          "spearman": 0.3199782920179123,
          "target_mean": 0.5879140625,
          "top_10p_capture": 0.1534028174587355,
          "top_20p_capture": 0.26344789502670246
        }
      }
    },
    "status": "complete",
    "views": {
      "ensemble": {
        "aggregate": {
          "best_loss": {
            "mae": {
              "count": 3,
              "mean": 0.1656370609998703,
              "std": 0.002905050053198536
            },
            "mse": {
              "count": 3,
              "mean": 0.035040584883120264,
              "std": 0.0007563598763500143
            },
            "pred_mean": {
              "count": 3,
              "mean": 0.6378990759452184,
              "std": 0.04027938053296609
            },
            "rmse": {
              "count": 3,
              "mean": 0.1871839971828035,
              "std": 0.0020258634412788916
            },
            "spearman": {
              "count": 3,
              "mean": 0.7179487179487181,
              "std": 0.07671087492729299
            },
            "target_mean": {
              "count": 3,
              "mean": 0.6255763868490855,
              "std": 0.0
            },
            "top_10p_capture": {
              "count": 3,
              "mean": 0.1949968325632601,
              "std": 0.015274148570928988
            },
            "top_20p_capture": {
              "count": 3,
              "mean": 0.30486920966444114,
              "std": 0.016920647927812935
            }
          },
          "best_rank": {
            "mae": {
              "count": 3,
              "mean": 0.16666516827212438,
              "std": 0.002737206225181194
            },
            "mse": {
              "count": 3,
              "mean": 0.03573638572544737,
              "std": 0.0013593271624311636
            },
            "pred_mean": {
              "count": 3,
              "mean": 0.6313800066709518,
              "std": 0.05693445472133478
            },
            "rmse": {
              "count": 3,
              "mean": 0.1890176641305876,
              "std": 0.0036142161108105946
            },
            "spearman": {
              "count": 3,
              "mean": 0.7296037296037295,
              "std": 0.07734573437313319
            },
            "target_mean": {
              "count": 3,
              "mean": 0.6255763868490855,
              "std": 0.0
            },
            "top_10p_capture": {
              "count": 3,
              "mean": 0.1949968325632601,
              "std": 0.015274148570928988
            },
            "top_20p_capture": {
              "count": 3,
              "mean": 0.3058198165113586,
              "std": 0.016160428536954565
            }
          }
        },
        "missing_seed_dirs": [],
        "per_seed": [
          {
            "best_loss": {
              "mae": 0.16249735156695047,
              "mse": 0.03533974201661586,
              "pred_mean": 0.5922199090321859,
              "rmse": 0.18798867523501478,
              "spearman": 0.8041958041958043,
              "target_mean": 0.6255763868490855,
              "top_10p_capture": 0.21263390014139646,
              "top_20p_capture": 0.32440749093641247
            },
            "best_rank": {
              "mae": 0.1642003357410431,
              "mse": 0.036693138665201776,
              "pred_mean": 0.5667714575926462,
              "rmse": 0.19155453183154342,
              "spearman": 0.8111888111888113,
              "target_mean": 0.6255763868490855,
              "top_10p_capture": 0.21263390014139646,
              "top_20p_capture": 0.32440749093641247
            },
            "seed_dir": "/data/scratch/murphy/outputs/cot-loop-detection/full_train_locked_pair_20260404_regression_balanced_sampler/aime/mean_relative_length/ensemble/seed_0"
          },
          {
            "best_loss": {
              "mae": 0.16618418196837106,
              "mse": 0.03418040163044559,
              "pred_mean": 0.653156523903211,
              "rmse": 0.1848794245730054,
              "spearman": 0.6573426573426573,