{
  "aime": {
    "mean_current_trigger_mass": 0.0899944784740607,
    "mean_last_prev_loop_mass": 0.045621298835612833,
    "mean_other_completion_mass": 0.1355869064728419,
    "mean_prev_loop_mass": 0.08337622360947232,
    "mean_prompt_mass": 0.6081618984540303,
    "mean_recent_nonloop_mass": 0.08288050478246684,
    "num_selected_rows": 30,
    "query_position_mode": "trigger_start",
    "summary_layer": 27,
    "top1_fraction_current_trigger": 0.09375,
    "top1_fraction_last_previous_loop": 0.025,
    "top1_fraction_other_completion": 0.014583333333333334,
    "top1_fraction_previous_loop": 0.025,
    "top1_fraction_prompt": 0.85,
    "top1_fraction_recent_nonloop": 0.016666666666666666
  },
  "gpqa": {
    "mean_current_trigger_mass": 0.09982188606311466,
    "mean_last_prev_loop_mass": 0.017119710862805896,
    "mean_other_completion_mass": 0.09842901716917014,
    "mean_prev_loop_mass": 0.040396128107662785,
    "mean_prompt_mass": 0.6510388314231368,
    "mean_recent_nonloop_mass": 0.1103141396864479,
    "num_selected_rows": 121,
    "query_position_mode": "trigger_start",
    "summary_layer": 27,
    "top1_fraction_current_trigger": 0.11466942148760331,
    "top1_fraction_last_previous_loop": 0.0030991735537190084,
    "top1_fraction_other_completion": 0.0025826446280991736,
    "top1_fraction_previous_loop": 0.0030991735537190084,
    "top1_fraction_prompt": 0.8533057851239669,
    "top1_fraction_recent_nonloop": 0.02634297520661157
  },
  "livecodebench": {
    "mean_current_trigger_mass": 0.09388619235785299,
    "mean_last_prev_loop_mass": 0.03188779632738493,
    "mean_other_completion_mass": 0.12284155345614596,
    "mean_prev_loop_mass": 0.07056188581597556,
    "mean_prompt_mass": 0.6151544864559586,
    "mean_recent_nonloop_mass": 0.09755589675645342,
    "num_selected_rows": 462,
    "query_position_mode": "trigger_start",
    "summary_layer": 27,
    "top1_fraction_current_trigger": 0.1121482683982684,
    "top1_fraction_last_previous_loop": 0.025838744588744588,
    "top1_fraction_other_completion": 0.009875541125541126,
    "top1_fraction_previous_loop": 0.027867965367965368,
    "top1_fraction_prompt": 0.8222402597402597,
    "top1_fraction_recent_nonloop": 0.027867965367965368
  },
  "math500": {
    "mean_current_trigger_mass": 0.0881902231451343,
    "mean_last_prev_loop_mass": 0.03515513941773166,
    "mean_other_completion_mass": 0.11422264745787662,
    "mean_prev_loop_mass": 0.06978730608791332,
    "mean_prompt_mass": 0.6214169561862946,
    "mean_recent_nonloop_mass": 0.10638287350165603,
    "num_selected_rows": 68,
    "query_position_mode": "trigger_start",
    "summary_layer": 27,
    "top1_fraction_current_trigger": 0.08915441176470588,
    "top1_fraction_last_previous_loop": 0.02297794117647059,
    "top1_fraction_other_completion": 0.01011029411764706,
    "top1_fraction_previous_loop": 0.02297794117647059,
    "top1_fraction_prompt": 0.8327205882352942,
    "top1_fraction_recent_nonloop": 0.04503676470588235
  },
  "mmlu_pro": {
    "mean_current_trigger_mass": 0.10336399155740554,
    "mean_last_prev_loop_mass": 0.011331427165826496,
    "mean_other_completion_mass": 0.11693121346716698,
    "mean_prev_loop_mass": 0.0342154154374909,
    "mean_prompt_mass": 0.608249431848526,
    "mean_recent_nonloop_mass": 0.1372399513448517,
    "num_selected_rows": 130,
    "query_position_mode": "trigger_start",
    "summary_layer": 27,
    "top1_fraction_current_trigger": 0.12355769230769231,
    "top1_fraction_last_previous_loop": 0.0019230769230769232,
    "top1_fraction_other_completion": 0.0009615384615384616,
    "top1_fraction_previous_loop": 0.0019230769230769232,
    "top1_fraction_prompt": 0.8360576923076923,
    "top1_fraction_recent_nonloop": 0.0375
  }
}
