{
  "accuracy": 0.8333333333333334,
  "checkpoint_path": "/data/scratch/murphy/outputs/cot-loop-detection/full_train_locked_pair_20260404_binary_h256d2/aime/majority_s_0.5/last_layer/seed_0/_eval_ckpts/epoch_012.pt",
  "classifier_layer": -1,
  "classifier_mode": "last_layer",
  "epoch": 12,
  "eval_accuracy": 0.8333333333333334,
  "eval_macro_f1": 0.8333333333333334,
  "eval_positive_f1": 0.8333333333333334,
  "eval_positive_precision": 1.0,
  "eval_positive_recall": 0.7142857142857143,
  "eval_pr_auc": 0.8909090909090909,
  "eval_prevalence": 0.5833333333333334,
  "eval_roc_auc": 0.7714285714285715,
  "feature_key": "last_token_all_layers_stack_final",
  "lr": 3.0059570073155956e-05,
  "macro_f1": 0.8333333333333334,
  "positive_f1": 0.8333333333333334,
  "positive_precision": 1.0,
  "positive_recall": 0.7142857142857143,
  "pr_auc": 0.8909090909090909,
  "prevalence": 0.5833333333333334,
  "resolved_classifier_layer": 27,
  "roc_auc": 0.7714285714285715,
  "sample_shape": [
    28,
    2048
  ],
  "score_rule": "vote_fraction",
  "seed": 0,
  "selection_kind": "best_rank",
  "selection_metric": "pr_auc",
  "selection_rule": "max(pr_auc), tie_break=max(roc_auc), max(macro_f1)",
  "selection_tertiary_metric": "macro_f1",
  "step": 12,
  "target_kind": "binary",
  "target_name": "majority_s_0.5",
  "tie_breaker": "roc_auc",
  "train_accuracy": 0.5625,
  "train_loss": 0.6776034832000732,
  "train_macro_f1": 0.5577007459412022,
  "train_positive_f1": 0.5116279069767442,
  "train_positive_precision": 0.5789473684210527,
  "train_positive_recall": 0.4583333333333333,
  "train_pr_auc": 0.6345481721080752,
  "train_prevalence": 0.5,
  "train_roc_auc": 0.6510416666666666,
  "vote_rule": "majority"
}
