{
  "accuracy": 0.6666666666666666,
  "checkpoint_path": "/data/scratch/murphy/outputs/cot-loop-detection/full_train_locked_pair_20260404_binary_h256d2/aime/majority_s_0.5/last_layer/seed_2/_eval_ckpts/epoch_015.pt",
  "classifier_layer": -1,
  "classifier_mode": "last_layer",
  "epoch": 15,
  "eval_accuracy": 0.6666666666666666,
  "eval_macro_f1": 0.6666666666666666,
  "eval_positive_f1": 0.6666666666666666,
  "eval_positive_precision": 0.8,
  "eval_positive_recall": 0.5714285714285714,
  "eval_pr_auc": 0.8500927643784786,
  "eval_prevalence": 0.5833333333333334,
  "eval_roc_auc": 0.7142857142857143,
  "feature_key": "last_token_all_layers_stack_final",
  "lr": 2e-05,
  "macro_f1": 0.6666666666666666,
  "positive_f1": 0.6666666666666666,
  "positive_precision": 0.8,
  "positive_recall": 0.5714285714285714,
  "pr_auc": 0.8500927643784786,
  "prevalence": 0.5833333333333334,
  "resolved_classifier_layer": 27,
  "roc_auc": 0.7142857142857143,
  "sample_shape": [
    28,
    2048
  ],
  "score_rule": "vote_fraction",
  "seed": 2,
  "selection_kind": "best_rank",
  "selection_metric": "pr_auc",
  "selection_rule": "max(pr_auc), tie_break=max(roc_auc), max(macro_f1)",
  "selection_tertiary_metric": "macro_f1",
  "step": 15,
  "target_kind": "binary",
  "target_name": "majority_s_0.5",
  "tie_breaker": "roc_auc",
  "train_accuracy": 0.5208333333333334,
  "train_loss": 0.6680184602737427,
  "train_macro_f1": 0.5189542483660131,
  "train_positive_f1": 0.5490196078431373,
  "train_positive_precision": 0.5185185185185185,
  "train_positive_recall": 0.5833333333333334,
  "train_pr_auc": 0.7476836389680284,
  "train_prevalence": 0.5,
  "train_roc_auc": 0.670138888888889,
  "vote_rule": "majority"
}
