{
  "aime": {
    "mean_current_trigger_mass": 0.0,
    "mean_last_prev_loop_mass": 0.07010438380918155,
    "mean_other_completion_mass": 0.18366361086567243,
    "mean_prev_loop_mass": 0.10669074921558301,
    "mean_prompt_mass": 0.6275306224822998,
    "mean_recent_nonloop_mass": 0.08211502955527976,
    "num_selected_rows": 30,
    "query_position_mode": "pre_trigger_start",
    "summary_layer": 27,
    "top1_fraction_current_trigger": 0.0,
    "top1_fraction_last_previous_loop": 0.05,
    "top1_fraction_other_completion": 0.06458333333333334,
    "top1_fraction_previous_loop": 0.05,
    "top1_fraction_prompt": 0.86875,
    "top1_fraction_recent_nonloop": 0.016666666666666666
  },
  "gpqa": {
    "mean_current_trigger_mass": 0.0,
    "mean_last_prev_loop_mass": 0.024148913928017036,
    "mean_other_completion_mass": 0.18422372987078242,
    "mean_prev_loop_mass": 0.04548777499397801,
    "mean_prompt_mass": 0.6479443198393199,
    "mean_recent_nonloop_mass": 0.12234417842085327,
    "num_selected_rows": 121,
    "query_position_mode": "pre_trigger_start",
    "summary_layer": 27,
    "top1_fraction_current_trigger": 0.0,
    "top1_fraction_last_previous_loop": 0.011363636363636364,
    "top1_fraction_other_completion": 0.08884297520661157,
    "top1_fraction_previous_loop": 0.011363636363636364,
    "top1_fraction_prompt": 0.871900826446281,
    "top1_fraction_recent_nonloop": 0.027892561983471075
  },
  "livecodebench": {
    "mean_current_trigger_mass": 0.0,
    "mean_last_prev_loop_mass": 0.044700355427574015,
    "mean_other_completion_mass": 0.1914376818224207,
    "mean_prev_loop_mass": 0.08053960919342895,
    "mean_prompt_mass": 0.6302064703656481,
    "mean_recent_nonloop_mass": 0.09781624797229692,
    "num_selected_rows": 462,
    "query_position_mode": "pre_trigger_start",
    "summary_layer": 27,
    "top1_fraction_current_trigger": 0.0,
    "top1_fraction_last_previous_loop": 0.030844155844155844,
    "top1_fraction_other_completion": 0.07589285714285714,
    "top1_fraction_previous_loop": 0.03530844155844156,
    "top1_fraction_prompt": 0.8676948051948052,
    "top1_fraction_recent_nonloop": 0.021103896103896104
  },
  "math500": {
    "mean_current_trigger_mass": 0.0,
    "mean_last_prev_loop_mass": 0.047020071809931646,
    "mean_other_completion_mass": 0.17787858958849134,
    "mean_prev_loop_mass": 0.08195224739885067,
    "mean_prompt_mass": 0.6188605471568949,
    "mean_recent_nonloop_mass": 0.1213086305788773,
    "num_selected_rows": 68,
    "query_position_mode": "pre_trigger_start",
    "summary_layer": 27,
    "top1_fraction_current_trigger": 0.0,
    "top1_fraction_last_previous_loop": 0.03308823529411765,
    "top1_fraction_other_completion": 0.07628676470588236,
    "top1_fraction_previous_loop": 0.034926470588235295,
    "top1_fraction_prompt": 0.8373161764705882,
    "top1_fraction_recent_nonloop": 0.051470588235294115
  },
  "mmlu_pro": {
    "mean_current_trigger_mass": 0.0,
    "mean_last_prev_loop_mass": 0.012363804110030357,
    "mean_other_completion_mass": 0.19602665110276296,
    "mean_prev_loop_mass": 0.031505697317278154,
    "mean_prompt_mass": 0.6427800256472368,
    "mean_recent_nonloop_mass": 0.1296876237835162,
    "num_selected_rows": 130,
    "query_position_mode": "pre_trigger_start",
    "summary_layer": 27,
    "top1_fraction_current_trigger": 0.0,
    "top1_fraction_last_previous_loop": 0.005288461538461539,
    "top1_fraction_other_completion": 0.07067307692307692,
    "top1_fraction_previous_loop": 0.005288461538461539,
    "top1_fraction_prompt": 0.9086538461538461,
    "top1_fraction_recent_nonloop": 0.015384615384615385
  }
}
