model_id,temperature,num_samples,loop_fraction,avg_tokens,num_correct,accuracy
open-thoughts/OpenThinker3-1.5B,0.0,60,0.3,20382.466666666667,27,0.45
open-thoughts/OpenThinker3-1.5B,0.2,1200,0.24333333333333335,20681.153333333332,512,0.4266666666666667
open-thoughts/OpenThinker3-1.5B,0.4,1200,0.12583333333333332,19845.278333333332,536,0.44666666666666666
open-thoughts/OpenThinker3-1.5B,0.6,1200,0.051666666666666666,19799.195,554,0.46166666666666667
open-thoughts/OpenThinker3-1.5B,0.8,1200,0.011666666666666667,19401.81,567,0.4725
open-thoughts/OpenThinker3-1.5B,1.0,1200,0.006666666666666667,19342.5925,592,0.49333333333333335
