model_id,temperature,num_samples,loop_fraction,avg_tokens
open-thoughts/OpenThinker3-7B,0.0,60,0.08333333333333333,16541.316666666666
open-thoughts/OpenThinker3-7B,0.2,1200,0.056666666666666664,16904.398333333334
open-thoughts/OpenThinker3-7B,0.4,1200,0.04416666666666667,17188.174166666668
open-thoughts/OpenThinker3-7B,0.6,1200,0.0225,16979.303333333333
open-thoughts/OpenThinker3-7B,0.8,1200,0.0075,16901.358333333334
open-thoughts/OpenThinker3-7B,1.0,1200,0.004166666666666667,17049.763333333332
