model_id,temperature,num_samples,loop_fraction,avg_tokens,num_correct,accuracy
open-thoughts/OpenThinker3-7B,0.0,60,0.08333333333333333,16309.2,37,0.6166666666666667
open-thoughts/OpenThinker3-7B,0.2,1200,0.058333333333333334,17274.655,726,0.605
open-thoughts/OpenThinker3-7B,0.4,1200,0.055,17243.81333333333,719,0.5991666666666666
open-thoughts/OpenThinker3-7B,0.6,1200,0.0225,16928.636666666665,726,0.605
open-thoughts/OpenThinker3-7B,0.8,1200,0.013333333333333334,16797.920833333334,760,0.6333333333333333
open-thoughts/OpenThinker3-7B,1.0,1200,0.0033333333333333335,16815.1025,769,0.6408333333333334
