model_id,temperature,num_samples,loop_fraction,avg_tokens,num_correct,accuracy
open-thoughts/OpenThinker3-1.5B,0.0,60,0.31666666666666665,22353.866666666665,22,0.36666666666666664
open-thoughts/OpenThinker3-1.5B,0.2,1200,0.25833333333333336,20895.373333333333,491,0.4091666666666667
open-thoughts/OpenThinker3-1.5B,0.4,1200,0.12333333333333334,20304.134166666667,544,0.4533333333333333
open-thoughts/OpenThinker3-1.5B,0.6,1200,0.0525,19847.735833333332,566,0.4716666666666667
open-thoughts/OpenThinker3-1.5B,0.8,1200,0.016666666666666666,19403.3175,598,0.49833333333333335
open-thoughts/OpenThinker3-1.5B,1.0,1200,0.010833333333333334,19766.928333333333,582,0.485
