{
  "accuracy": 0.225,
  "checkpoint_path": "/data/scratch/murphy/outputs/cot-loop-detection/full_train_locked_pair_20260404_binary_h256d2/gpqa/majority_s_0.5/last_layer/seed_2/_eval_ckpts/epoch_006.pt",
  "classifier_layer": -1,
  "classifier_mode": "last_layer",
  "epoch": 6,
  "eval_accuracy": 0.225,
  "eval_macro_f1": 0.2126984126984127,
  "eval_positive_f1": 0.11428571428571428,
  "eval_positive_precision": 0.06060606060606061,
  "eval_positive_recall": 1.0,
  "eval_pr_auc": 0.26666666666666666,
  "eval_prevalence": 0.05,
  "eval_roc_auc": 0.868421052631579,
  "feature_key": "last_token_all_layers_stack_final",
  "lr": 8.272258986924623e-05,
  "macro_f1": 0.2126984126984127,
  "positive_f1": 0.11428571428571428,
  "positive_precision": 0.06060606060606061,
  "positive_recall": 1.0,
  "pr_auc": 0.26666666666666666,
  "prevalence": 0.05,
  "resolved_classifier_layer": 27,
  "roc_auc": 0.868421052631579,
  "sample_shape": [
    28,
    2048
  ],
  "score_rule": "vote_fraction",
  "seed": 2,
  "selection_kind": "best_loss",
  "selection_metric": "roc_auc",
  "selection_rule": "max(roc_auc), tie_break=max(macro_f1)",
  "step": 6,
  "target_kind": "binary",
  "target_name": "majority_s_0.5",
  "tie_breaker": "macro_f1",
  "train_accuracy": 0.5555555555555556,
  "train_loss": 0.6711376309394836,
  "train_macro_f1": 0.5324675324675324,
  "train_positive_f1": 0.6363636363636364,
  "train_positive_precision": 0.5384615384615384,
  "train_positive_recall": 0.7777777777777778,
  "train_pr_auc": 0.7765271765271766,
  "train_prevalence": 0.5,
  "train_roc_auc": 0.7283950617283951,
  "vote_rule": "majority"
}
