{
  "accuracy": 0.75,
  "checkpoint_path": "/data/scratch/murphy/outputs/cot-loop-detection/full_train_locked_pair_20260404_binary_h256d2/aime/majority_s_0.5/last_layer/seed_1/_eval_ckpts/epoch_006.pt",
  "classifier_layer": -1,
  "classifier_mode": "last_layer",
  "epoch": 6,
  "eval_accuracy": 0.75,
  "eval_macro_f1": 0.7482517482517483,
  "eval_positive_f1": 0.7692307692307693,
  "eval_positive_precision": 0.8333333333333334,
  "eval_positive_recall": 0.7142857142857143,
  "eval_pr_auc": 0.8028138528138529,
  "eval_prevalence": 0.5833333333333334,
  "eval_roc_auc": 0.6857142857142857,
  "feature_key": "last_token_all_layers_stack_final",
  "lr": 8.272258986924623e-05,
  "macro_f1": 0.7482517482517483,
  "positive_f1": 0.7692307692307693,
  "positive_precision": 0.8333333333333334,
  "positive_recall": 0.7142857142857143,
  "pr_auc": 0.8028138528138529,
  "prevalence": 0.5833333333333334,
  "resolved_classifier_layer": 27,
  "roc_auc": 0.6857142857142857,
  "sample_shape": [
    28,
    2048
  ],
  "score_rule": "vote_fraction",
  "seed": 1,
  "selection_kind": "best_rank",
  "selection_metric": "pr_auc",
  "selection_rule": "max(pr_auc), tie_break=max(roc_auc), max(macro_f1)",
  "selection_tertiary_metric": "macro_f1",
  "step": 6,
  "target_kind": "binary",
  "target_name": "majority_s_0.5",
  "tie_breaker": "roc_auc",
  "train_accuracy": 0.5208333333333334,
  "train_loss": 0.6837851405143738,
  "train_macro_f1": 0.5189542483660131,
  "train_positive_f1": 0.4888888888888889,
  "train_positive_precision": 0.5238095238095238,
  "train_positive_recall": 0.4583333333333333,
  "train_pr_auc": 0.6397896038625364,
  "train_prevalence": 0.5,
  "train_roc_auc": 0.5815972222222222,
  "vote_rule": "majority"
}
