{
  "accuracy": 0.76875,
  "checkpoint_path": "/data/scratch/murphy/outputs/cot-loop-detection/full_train_locked_pair_20260404_binary_h256d2/livecodebench/majority_s_0.5/ensemble/seed_2/_eval_ckpts/epoch_014.pt",
  "classifier_layer": -1,
  "classifier_mode": "ensemble",
  "epoch": 14,
  "eval_accuracy": 0.76875,
  "eval_macro_f1": 0.754142613895926,
  "eval_positive_f1": 0.6942148760330579,
  "eval_positive_precision": 0.6268656716417911,
  "eval_positive_recall": 0.7777777777777778,
  "eval_pr_auc": 0.6898638650769966,
  "eval_prevalence": 0.3375,
  "eval_roc_auc": 0.8593640810621943,
  "feature_key": "last_token_all_layers_stack_final",
  "lr": 2.107820517680705e-05,
  "macro_f1": 0.754142613895926,
  "positive_f1": 0.6942148760330579,
  "positive_precision": 0.6268656716417911,
  "positive_recall": 0.7777777777777778,
  "pr_auc": 0.6898638650769966,
  "prevalence": 0.3375,
  "resolved_classifier_layer": null,
  "roc_auc": 0.8593640810621943,
  "sample_shape": [
    28,
    2048
  ],
  "score_rule": "vote_fraction",
  "seed": 2,
  "selection_kind": "best_loss",
  "selection_metric": "roc_auc",
  "selection_rule": "max(roc_auc), tie_break=max(macro_f1)",
  "step": 28,
  "target_kind": "binary",
  "target_name": "majority_s_0.5",
  "tie_breaker": "macro_f1",
  "train_accuracy": 0.6914285714285714,
  "train_loss": 0.6466316529682704,
  "train_macro_f1": 0.6860047846889952,
  "train_positive_f1": 0.6447368421052632,
  "train_positive_precision": 0.7596899224806202,
  "train_positive_recall": 0.56,
  "train_pr_auc": 0.7487157571916789,
  "train_prevalence": 0.5,
  "train_roc_auc": 0.7966693877551021,
  "vote_rule": "majority"
}
