{
  "accuracy": 0.79375,
  "checkpoint_path": "/data/scratch/murphy/outputs/cot-loop-detection/full_train_locked_pair_20260404_binary_h256d2/livecodebench/majority_s_0.5/ensemble/seed_2/_eval_ckpts/epoch_013.pt",
  "classifier_layer": -1,
  "classifier_mode": "ensemble",
  "epoch": 13,
  "eval_accuracy": 0.79375,
  "eval_macro_f1": 0.7776935707970191,
  "eval_positive_f1": 0.717948717948718,
  "eval_positive_precision": 0.6666666666666666,
  "eval_positive_recall": 0.7777777777777778,
  "eval_pr_auc": 0.709107486184475,
  "eval_prevalence": 0.3375,
  "eval_roc_auc": 0.8590146750524109,
  "feature_key": "last_token_all_layers_stack_final",
  "lr": 2.4254694387063513e-05,
  "macro_f1": 0.7776935707970191,
  "positive_f1": 0.717948717948718,
  "positive_precision": 0.6666666666666666,
  "positive_recall": 0.7777777777777778,
  "pr_auc": 0.709107486184475,
  "prevalence": 0.3375,
  "resolved_classifier_layer": null,
  "roc_auc": 0.8590146750524109,
  "sample_shape": [
    28,
    2048
  ],
  "score_rule": "vote_fraction",
  "seed": 2,
  "selection_kind": "best_rank",
  "selection_metric": "pr_auc",
  "selection_rule": "max(pr_auc), tie_break=max(roc_auc), max(macro_f1)",
  "selection_tertiary_metric": "macro_f1",
  "step": 26,
  "target_kind": "binary",
  "target_name": "majority_s_0.5",
  "tie_breaker": "roc_auc",
  "train_accuracy": 0.7057142857142857,
  "train_loss": 0.6573411066191537,
  "train_macro_f1": 0.7023883233854258,
  "train_positive_f1": 0.670926517571885,
  "train_positive_precision": 0.7608695652173914,
  "train_positive_recall": 0.6,
  "train_pr_auc": 0.7579225318474981,
  "train_prevalence": 0.5,
  "train_roc_auc": 0.795461224489796,
  "vote_rule": "majority"
}
